ada,protocolNumber,issueDate,submissionTimestamp,documentUrl,subject,decisionTypeUid,decisionTypeLabel,organizationUid,organizationLabel
6ΜΑΛ46Ψ842-Ο32,312535,26/10/2021 18:25:16,27/10/2021 12:11:31,https://diavgeia.gov.gr/doc/6ΜΑΛ46Ψ842-Ο32,"Έγκριση Εργασιών Δόμησης Μικρής Κλίμακας: Εκτέλεση Γεωτεχνικών και Γεωφυσικών ερευνών, Γεωτεχνική αξιολόγηση και Γεωτεχνικές μελέτες θεμελίωσης στο χερσαίο τμήμα του Μητροπολιτικού πόλου Ελληνικού – Αγ;iου Κοσμά",2.4.6.1,ΠΡΑΞΕΙΣ ΧΩΡΟΤΑΞΙΚΟΥ - ΠΟΛΕΟΔΟΜΙΚΟΥ ΠΕΡΙΕΧΟΜΕΝΟΥ,99201077,ΤΕΧΝΙΚΟ ΕΠΙΜΕΛΗΤΗΡΙΟ ΕΛΛΑΔΑΣ
ΨΨΤ346Ψ842-ΤΚΦ,281345,24/08/2021 13:05:04,24/08/2021 14:14:53,https://diavgeia.gov.gr/doc/ΨΨΤ346Ψ842-ΤΚΦ,Οικοδομική Άδεια (ν.4759/2020): ΕΡΓΑΣΙΕΣ ΑΠΟΚΑΤΑΣΤΑΣΗΣ ΚΕΛΥΦΟΥΣ TOY ΧΑΡΑΚΤΗΡΙΣΜΕΝΟΥ ΝΕΩΤΕΡΟΥ ΜΝΗΜΕΙΟΥ ΥΠΟΣΤΕΓΟΥ Γ' ΤΗΣ ΠΟΛΕΜΙΚΗΣ ΑΕΡΟΠΟΡΙΑΣ ΕΝΤΟΣ ΤΟΥ ΜΗΤΡΟΠΟΛΙΤΙΚΟΥ ΠΑΡΚΟΥ ΠΡΑΣΙΝΟΥ ΚΑΙ ΑΝΑΨΥΧΗΣ ΤΟΥ ΜΗΤΡΟΠΟΛΙΤΙΚΟΥ ΠΟΛΟΥ ΕΛΛΗΝΙΚΟΥ- ΑΓ. ΚΟΣΜΑ»,2.4.6.1,ΠΡΑΞΕΙΣ ΧΩΡΟΤΑΞΙΚΟΥ - ΠΟΛΕΟΔΟΜΙΚΟΥ ΠΕΡΙΕΧΟΜΕΝΟΥ,99201077,ΤΕΧΝΙΚΟ ΕΠΙΜΕΛΗΤΗΡΙΟ ΕΛΛΑΔΑΣ
Ω57Α46Ψ842-ΑΒΓ,273701,30/07/2021 18:54:51,02/08/2021 15:56:41,https://diavgeia.gov.gr/doc/Ω57Α46Ψ842-ΑΒΓ,Προέγκριση Οικοδομικής Αδείας (ν.4759/2020): ΕΡΓΑΣΙΕΣ ΑΠΟΚΑΤΑΣΤΑΣΗΣ ΚΕΛΥΦΟΥΣ TOY ΧΑΡΑΚΤΗΡΙΣΜΕΝΟΥ ΝΕΩΤΕΡΟΥ ΜΝΗΜΕΙΟΥ ΥΠΟΣΤΕΓΟΥ Γ' ΤΗΣ ΠΟΛΕΜΙΚΗΣ ΑΕΡΟΠΟΡΙΑΣ ΕΝΤΟΣ ΤΟΥ ΜΗΤΡΟΠΟΛΙΤΙΚΟΥ ΠΑΡΚΟΥ ΠΡΑΣΙΝΟΥ ΚΑΙ ΑΝΑΨΥΧΗΣ ΤΟΥ ΜΗΤΡΟΠΟΛΙΤΙΚΟΥ ΠΟΛΟΥ ΕΛΛΗΝΙΚΟΥ- ΑΓ. ΚΟΣΜΑ»,2.4.6.1,ΠΡΑΞΕΙΣ ΧΩΡΟΤΑΞΙΚΟΥ - ΠΟΛΕΟΔΟΜΙΚΟΥ ΠΕΡΙΕΧΟΜΕΝΟΥ,99201077,ΤΕΧΝΙΚΟ ΕΠΙΜΕΛΗΤΗΡΙΟ ΕΛΛΑΔΑΣ
Ψ5ΗΟ46Ψ842-ΖΤ8,427183,14/06/2022 11:51:55,14/06/2022 14:14:00,https://diavgeia.gov.gr/doc/Ψ5ΗΟ46Ψ842-ΖΤ8,"Έγκριση Εργασιών Δόμησης Μικρής Κλίμακας: ΕΚΤΕΛΕΣΗ ΓΕΩΤΕΧΝΙΚΩΝ ΚΑΙ ΓΕΩΦΥΣΙΚΩΝ ΕΡΕΥΝΩΝ, ΓΕΩΤΕΧΝΙΚΗ ΑΞΙΟΛΟΓΗΣΗ ΚΑΙ ΓΕΩΤΕΧΝΙΚΕΣ ΜΕΛΕΤΕΣ ΘΕΜΕΛΙΩΣΗΣ ΣΤΟ ΧΕΡΣΑΙΟ ΤΜΗΜΑ ΤΟΥ ΜΗΤΡΟΠΟΛΙΤΙΚΟΥ ΠΟΛΟΥ ΕΛΛΗΝΙΚΟΥ –ΑΓ. ΚΟΣΜΑ- ΟΤ ΑΠ 1.5",2.4.6.1,ΠΡΑΞΕΙΣ ΧΩΡΟΤΑΞΙΚΟΥ - ΠΟΛΕΟΔΟΜΙΚΟΥ ΠΕΡΙΕΧΟΜΕΝΟΥ,99201077,ΤΕΧΝΙΚΟ ΕΠΙΜΕΛΗΤΗΡΙΟ ΕΛΛΑΔΑΣ
Ψ3Ζ246Ψ842-ΙΗΙ,379460,23/03/2022 14:15:18,23/03/2022 15:25:02,https://diavgeia.gov.gr/doc/Ψ3Ζ246Ψ842-ΙΗΙ,"Έγκριση Εργασιών Δόμησης Μικρής Κλίμακας: Εκτέλεση Γεωτεχνικών και Γεωφυσικών Ερευνών, Γεωτεχνική Αξιολόγηση και Γεωτεχνικές Μελέτες Θεμελίωσης στο χερσαίο τμήμα του Μητροπολιτικού Πόλου Ελληνικού – Αγ. Κοσμά – VMT (VMC+MUT) ",2.4.6.1,ΠΡΑΞΕΙΣ ΧΩΡΟΤΑΞΙΚΟΥ - ΠΟΛΕΟΔΟΜΙΚΟΥ ΠΕΡΙΕΧΟΜΕΝΟΥ,99201077,ΤΕΧΝΙΚΟ ΕΠΙΜΕΛΗΤΗΡΙΟ ΕΛΛΑΔΑΣ
ΩΑΠΔ46Ψ842-550,393546,15/04/2022 12:21:49,15/04/2022 12:30:55,https://diavgeia.gov.gr/doc/ΩΑΠΔ46Ψ842-550,"Έγκριση Εργασιών Δόμησης Μικρής Κλίμακας: ΕΓΚΡΙΣΗ ΕΡΓΑΣΙΩΝ ΔΟΜΗΣΗΣ ΜΙΚΡΗΣ ΚΛΙΜΑΚΑΣ – 
Τοποθέτηση ικριωμάτων, εκσκαφές, περίφραξη εντός των γηπέδων με αριθμούς Κ.Α.Ε.Κ.: 05050EK00205, 050412602011 και 050501801001 ευρισκόμενα ΕΝΤΟΣ ΤΟΥ ΜΗΤΡΟΠΟΛΙΤΙΚΟΥ ΠΟΛΟΥ (ΠΡΩΗΝ ΑΝΑΤΟΛΙΚΟΣ ΑΕΡΟΛΙΜΕΝΑΣ ΕΛΛΗΝΙΚΟΥ). ",2.4.6.1,ΠΡΑΞΕΙΣ ΧΩΡΟΤΑΞΙΚΟΥ - ΠΟΛΕΟΔΟΜΙΚΟΥ ΠΕΡΙΕΧΟΜΕΝΟΥ,99201077,ΤΕΧΝΙΚΟ ΕΠΙΜΕΛΗΤΗΡΙΟ ΕΛΛΑΔΑΣ
ΩΤ7Α46Ψ842-Ξ7Α,414051,24/05/2022 11:44:14,24/05/2022 15:14:30,https://diavgeia.gov.gr/doc/ΩΤ7Α46Ψ842-Ξ7Α,Οικοδομική Άδεια (ν.4759/2020): ΝΕΟ ΚΤΙΡΙΟ ΜΕΤΕΓΚΑΤΑΣΤΑΣΗΣ ΣΥΛΛΟΓΩΝ ΑΜΕΑ ΕΝΤΟΣ ΤΟΥ ΜΗΤΡΟΠΟΛΙΤΙΚΟΥ ΠΟΛΟΥ ΕΛΛΗΝΙΚΟΥ - ΑΓΙΟΥ ΚΟΣΜΑ ΚΑΙ ΚΟΠΗ ΔΕΝΔΡΩΝ,2.4.6.1,ΠΡΑΞΕΙΣ ΧΩΡΟΤΑΞΙΚΟΥ - ΠΟΛΕΟΔΟΜΙΚΟΥ ΠΕΡΙΕΧΟΜΕΝΟΥ,99201077,ΤΕΧΝΙΚΟ ΕΠΙΜΕΛΗΤΗΡΙΟ ΕΛΛΑΔΑΣ
9ΥΤΟ46Ψ842-ΓΥΜ,389009,08/04/2022 13:27:08,08/04/2022 14:20:09,https://diavgeia.gov.gr/doc/9ΥΤΟ46Ψ842-ΓΥΜ,Αναθεώρηση προέγκρισης Οικοδομικής Αδείας (ν.4759/2020): ΝΕΟ ΚΤΙΡΙΟ ΜΕΤΕΓΚΑΤΑΣΤΑΣΗΣ ΣΥΛΛΟΓΩΝ ΑΜΕΑ ΕΝΤΟΣ ΤΟΥ ΜΗΤΡΟΠΟΛΙΤΙΚΟΥ ΠΟΛΟΥ ΕΛΛΗΝΙΚΟΥ - ΑΓΙΟΥ ΚΟΣΜΑ ΚΑΙ ΚΟΠΗ ΔΕΝΔΡΩΝ,2.4.6.1,ΠΡΑΞΕΙΣ ΧΩΡΟΤΑΞΙΚΟΥ - ΠΟΛΕΟΔΟΜΙΚΟΥ ΠΕΡΙΕΧΟΜΕΝΟΥ,99201077,ΤΕΧΝΙΚΟ ΕΠΙΜΕΛΗΤΗΡΙΟ ΕΛΛΑΔΑΣ
Ψ2ΜΤ46Ψ842-2Ν0,364591,21/02/2022 16:39:51,22/02/2022 15:17:52,https://diavgeia.gov.gr/doc/Ψ2ΜΤ46Ψ842-2Ν0,Προέγκριση για Αναθεώρηση Οικ. Αδείας (ν.4759/2020): ΕΡΓΑΣΙΕΣ ΕΣΩΤΕΡΙΚΗΣ ΔΙΑΡΡΥΘΜΙΣΗΣ ΠΡΟΣΩΡΙΝΗΣ ΑΛΛΑΓΗΣ ΧΡΗΣΗΣ ΩΣ ΚΕΝΤΡΟ ΕΝΗΜΕΡΩΣΗΣ ΚΑΙ ΕΚΘΕΣΙΑΚΟΥ ΧΩΡΟΥ ΤΟΥ ΧΑΡΑΚΤΗΡΙΣΜΕΝΟΥ ΝΕΩΤΕΡΟΥ ΜΝΗΜΕΙΟΥ ΥΠΟΣΤΕΓΟΥ Γ' ΤΗΣ ΠΟΛΕΜΙΚΗΣ ΑΕΡΟΠΟΡΙΑΣ ΕΝΤΟΣ ΤΟΥ ΜΗΤΡΟΠΟΛΙΤΙΚΟΥ ΠΑΡΚΟΥ ΠΡΑΣΙΝΟΥ ΚΑΙ ΑΝΑΨΥΧΗΣ ΤΟΥ ΜΗΤΡΟΠΟΛΙΤΙΚΟΥ ΠΟΛΟΥ ΕΛΛΗΝΙΚΟΥ- ΑΓ. ΚΟΣΜΑ,2.4.6.1,ΠΡΑΞΕΙΣ ΧΩΡΟΤΑΞΙΚΟΥ - ΠΟΛΕΟΔΟΜΙΚΟΥ ΠΕΡΙΕΧΟΜΕΝΟΥ,99201077,ΤΕΧΝΙΚΟ ΕΠΙΜΕΛΗΤΗΡΙΟ ΕΛΛΑΔΑΣ
6ΧΘ046Ψ842-ΚΔΓ,383135,31/03/2022 09:27:59,31/03/2022 09:59:26,https://diavgeia.gov.gr/doc/6ΧΘ046Ψ842-ΚΔΓ,Προέγκριση Οικοδομικής Αδείας (ν.4759/2020): ΝΕΟ ΚΤΙΡΙΟ ΜΕΤΕΓΚΑΤΑΣΤΑΣΗΣ ΣΥΛΛΟΓΩΝ ΑΜΕΑ ΕΝΤΟΣ ΤΟΥ ΜΗΤΡΟΠΟΛΙΤΙΚΟΥ ΠΟΛΟΥ ΕΛΛΗΝΙΚΟΥ - ΑΓΙΟΥ ΚΟΣΜΑ ΚΑΙ ΚΟΠΗ ΔΕΝΔΡΩΝ,2.4.6.1,ΠΡΑΞΕΙΣ ΧΩΡΟΤΑΞΙΚΟΥ - ΠΟΛΕΟΔΟΜΙΚΟΥ ΠΕΡΙΕΧΟΜΕΝΟΥ,99201077,ΤΕΧΝΙΚΟ ΕΠΙΜΕΛΗΤΗΡΙΟ ΕΛΛΑΔΑΣ
ΡΜΒΗ46Ψ842-5Μ7,386555,05/04/2022 16:13:17,05/04/2022 17:20:24,https://diavgeia.gov.gr/doc/ΡΜΒΗ46Ψ842-5Μ7,Αναθεώρηση Οικ. Αδείας ME προέγκριση ή βεβαίωση (ν.4759/2020): ΕΡΓΑΣΙΕΣ ΕΣΩΤΕΡΙΚΗΣ ΔΙΑΡΡΥΘΜΙΣΗΣ ΠΡΟΣΩΡΙΝΗΣ ΑΛΛΑΓΗΣ ΧΡΗΣΗΣ ΩΣ ΚΕΝΤΡΟ ΕΝΗΜΕΡΩΣΗΣ ΚΑΙ ΕΚΘΕΣΙΑΚΟΥ ΧΩΡΟΥ ΤΟΥ ΧΑΡΑΚΤΗΡΙΣΜΕΝΟΥ ΝΕΩΤΕΡΟΥ ΜΝΗΜΕΙΟΥ ΥΠΟΣΤΕΓΟΥ Γ' ΤΗΣ ΠΟΛΕΜΙΚΗΣ ΑΕΡΟΠΟΡΙΑΣ ΕΝΤΟΣ ΤΟΥ ΜΗΤΡΟΠΟΛΙΤΙΚΟΥ ΠΑΡΚΟΥ ΠΡΑΣΙΝΟΥ ΚΑΙ ΑΝΑΨΥΧΗΣ ΤΟΥ ΜΗΤΡΟΠΟΛΙΤΙΚΟΥ ΠΟΛΟΥ ΕΛΛΗΝΙΚΟΥ- ΑΓ. ΚΟΣΜΑ,2.4.6.1,ΠΡΑΞΕΙΣ ΧΩΡΟΤΑΞΙΚΟΥ - ΠΟΛΕΟΔΟΜΙΚΟΥ ΠΕΡΙΕΧΟΜΕΝΟΥ,99201077,ΤΕΧΝΙΚΟ ΕΠΙΜΕΛΗΤΗΡΙΟ ΕΛΛΑΔΑΣ
Ψ1ΑΡ46Ψ842-ΝΘΧ,508685,20/10/2022 14:53:53,20/10/2022 16:07:41,https://diavgeia.gov.gr/doc/Ψ1ΑΡ46Ψ842-ΝΘΧ,"Έγκριση Εργασιών Δόμησης Μικρής Κλίμακας: “ΕΚΤΕΛΕΣΗ ΓΕΩΤΕΧΝΙΚΩΝ ΚΑΙ ΓΕΩΦΥΣΙΚΩΝ ΕΡΕΥΝΩΝ, ΓΕΩΤΕΧΝΙΚΗ ΑΞΙΟΛΟΓΗΣΗ ΚΑΙ ΓΕΩΤΕΧΝΙΚΕΣ ΜΕΛΕΤΕΣ ΘΕΜΕΛΙΩΣΗΣ ΣΤΟ  ΜΗΤΡΟΠΟΛΙΤΙΚΟ ΠΟΛΟ ΕΛΛΗΝΙΚΟΥ – ΑΓ. ΚΟΣΜΑ",2.4.6.1,ΠΡΑΞΕΙΣ ΧΩΡΟΤΑΞΙΚΟΥ - ΠΟΛΕΟΔΟΜΙΚΟΥ ΠΕΡΙΕΧΟΜΕΝΟΥ,99201077,ΤΕΧΝΙΚΟ ΕΠΙΜΕΛΗΤΗΡΙΟ ΕΛΛΑΔΑΣ
92ΙΦ46Ψ842-ΙΙΡ,548733,07/12/2022 14:48:06,07/12/2022 15:04:54,https://diavgeia.gov.gr/doc/92ΙΦ46Ψ842-ΙΙΡ,Προέγκριση Οικοδομικής Αδείας (ν.4759/2020): Νέες Αθλητικές Εγκαταστάσεις Του Μητροπολιτικού Πάρκου Πράσινου Και Αναψυχής του Μητροπολιτικού Πόλου Ελληνικού – Αγίου Κοσμά,2.4.6.1,ΠΡΑΞΕΙΣ ΧΩΡΟΤΑΞΙΚΟΥ - ΠΟΛΕΟΔΟΜΙΚΟΥ ΠΕΡΙΕΧΟΜΕΝΟΥ,99201077,ΤΕΧΝΙΚΟ ΕΠΙΜΕΛΗΤΗΡΙΟ ΕΛΛΑΔΑΣ
Ρ9ΗΖ46Ψ842-ΜΚΨ,566321,23/12/2022 14:42:39,25/12/2022 15:12:11,https://diavgeia.gov.gr/doc/Ρ9ΗΖ46Ψ842-ΜΚΨ,Οικοδομική Άδεια (ν.4759/2020): Νέες Αθλητικές Εγκαταστάσεις Του Μητροπολιτικού Πάρκου Πράσινου Και Αναψυχής του Μητροπολιτικού Πόλου Ελληνικού – Αγίου Κοσμά,2.4.6.1,ΠΡΑΞΕΙΣ ΧΩΡΟΤΑΞΙΚΟΥ - ΠΟΛΕΟΔΟΜΙΚΟΥ ΠΕΡΙΕΧΟΜΕΝΟΥ,99201077,ΤΕΧΝΙΚΟ ΕΠΙΜΕΛΗΤΗΡΙΟ ΕΛΛΑΔΑΣ
6ΜΗΛ46Ψ842-Δ3Κ,535954,23/11/2022 14:07:10,23/11/2022 16:19:32,https://diavgeia.gov.gr/doc/6ΜΗΛ46Ψ842-Δ3Κ,"Έγκριση Εργασιών Δόμησης Μικρής Κλίμακας: “ΕΚΤΕΛΕΣΗ ΓΕΩΤΕΧΝΙΚΩΝ ΚΑΙ ΓΕΩΦΥΣΙΚΩΝ ΕΡΕΥΝΩΝ, ΓΕΩΤΕΧΝΙΚΗ ΑΞΙΟΛΟΓΗΣΗ ΚΑΙ ΓΕΩΤΕΧΝΙΚΕΣ ΜΕΛΕΤΕΣ ΘΕΜΕΛΙΩΣΗΣ ΓΙΑ ΤΟ ΕΡΓΟ « ΠΑΡΑΧΩΡΗΣΗ ΆΔΕΙΑΣ ΛΕΙΤΟΥΡΓΙΑΣ ΕΠΙΧΕΙΡΗΣΗΣ ΚΑΖΙΝΟ(ΕΚΑΖ) ΕΥΡΕΟΣ ΦΑΣΜΑΤΟΣ ΔΡΑΣΤΗΡΙΟΤΗΤΩΝ ΣΤΟΝ ΜΗΤΡΟΠΟΛΙΤΙΚΟ ΠΟΛΟ ΕΛΛΗΝΙΚΟΥ-ΑΓΙΟΥ ΚΟΣΜΑ» ”",2.4.6.1,ΠΡΑΞΕΙΣ ΧΩΡΟΤΑΞΙΚΟΥ - ΠΟΛΕΟΔΟΜΙΚΟΥ ΠΕΡΙΕΧΟΜΕΝΟΥ,99201077,ΤΕΧΝΙΚΟ ΕΠΙΜΕΛΗΤΗΡΙΟ ΕΛΛΑΔΑΣ
61Ν646Ψ842-397,536186,23/11/2022 16:50:50,24/11/2022 08:12:27,https://diavgeia.gov.gr/doc/61Ν646Ψ842-397,"Έγκριση Εργασιών Δόμησης Μικρής Κλίμακας: : “ΕΚΤΕΛΕΣΗ ΓΕΩΤΕΧΝΙΚΩΝ ΚΑΙ ΓΕΩΦΥΣΙΚΩΝ ΕΡΕΥΝΩΝ, ΓΕΩΤΕΧΝΙΚΗ ΑΞΙΟΛΟΓΗΣΗ ΚΑΙ ΓΕΩΤΕΧΝΙΚΕΣ ΜΕΛΕΤΕΣ ΘΕΜΕΛΙΩΣΗΣ ΓΙΑ ΤΟ ΕΡΓΟ « ΠΑΡΑΧΩΡΗΣΗ ΆΔΕΙΑΣ ΛΕΙΤΟΥΡΓΙΑΣ ΕΠΙΧΕΙΡΗΣΗΣ ΚΑΖΙΝΟ(ΕΚΑΖ) ΕΥΡΕΟΣ ΦΑΣΜΑΤΟΣ ΔΡΑΣΤΗΡΙΟΤΗΤΩΝ ΣΤΟΝ ΜΗΤΡΟΠΟΛΙΤΙΚΟ ΠΟΛΟ ΕΛΛΗΝΙΚΟΥ-ΑΓΙΟΥ ΚΟΣΜΑ» ”",2.4.6.1,ΠΡΑΞΕΙΣ ΧΩΡΟΤΑΞΙΚΟΥ - ΠΟΛΕΟΔΟΜΙΚΟΥ ΠΕΡΙΕΧΟΜΕΝΟΥ,99201077,ΤΕΧΝΙΚΟ ΕΠΙΜΕΛΗΤΗΡΙΟ ΕΛΛΑΔΑΣ
62Ε846Ψ842-65Τ,562238,21/12/2022 00:07:36,21/12/2022 16:14:35,https://diavgeia.gov.gr/doc/62Ε846Ψ842-65Τ,"Έγκριση Εργασιών Δόμησης Μικρής Κλίμακας: ΚΑΤΑΣΚΕΥΗ ΕΞΩΤΕΡΙΚΗΣ ΜΕΤΑΛΛΙΚΗΣ ΡΑΜΠΑΣ, ΝΕΕΣ ΜΗΧΑΝΟΛΟΓΙΚΕΣ ΕΓΚΑΤΑΣΤΑΣΕΙΣ, 
ΕΓΚΑΤΑΣΤΑΣΗ ΙΚΡΙΩΜΑΤΩΝ ΠΡΟΣ ΕΠΙΣΚΕΥΗ ΤΩΝ ΟΨΕΩΝ ΑΚΙΝΗΤΟΥ ΣΤΟ ΜΗΤΡΟΠΟΛΙΤΙΚΟ ΠΟΛΟ 
ΕΛΛΗΝΙΚΟΥ ΓΙΑ ΤΗ ΣΤΕΓΑΣΗ ΚΑΙ ΛΕΙΤΟΥΡΓΙΑ ΚENTΡΟΥ ΔΗΜΙΟΥΡΓΙΚΗΣ ΑΠΑΣΧΟΛΗΣΗΣ ΚΔΑΠ- ΑΜΕΑ, ΤΟΥ ΣΥΛΛΟΓΟΥ «ΝΙΚΗ-Victor Ardant»    
",2.4.6.1,ΠΡΑΞΕΙΣ ΧΩΡΟΤΑΞΙΚΟΥ - ΠΟΛΕΟΔΟΜΙΚΟΥ ΠΕΡΙΕΧΟΜΕΝΟΥ,99201077,ΤΕΧΝΙΚΟ ΕΠΙΜΕΛΗΤΗΡΙΟ ΕΛΛΑΔΑΣ
6ΙΩΘ46Ψ842-Θ78,555759,14/12/2022 16:47:32,15/12/2022 08:02:23,https://diavgeia.gov.gr/doc/6ΙΩΘ46Ψ842-Θ78,"Έγκριση Εργασιών Δόμησης Μικρής Κλίμακας: “ΕΚΤΕΛΕΣΗ ΓΕΩΤΕΧΝΙΚΩΝ ΚΑΙ ΓΕΩΦΥΣΙΚΩΝ ΕΡΕΥΝΩΝ, ΓΕΩΤΕΧΝΙΚΗ ΑΞΙΟΛΟΓΗΣΗ ΚΑΙ ΓΕΩΤΕΧΝΙΚΕΣ ΜΕΛΕΤΕΣ ΘΕΜΕΛΙΩΣΗΣ ΣΤΟ ΧΕΡΣΑΙΟ ΤΜΗΜΑ ΤΟΥ ΜΗΤΡΟΠΟΛΙΤΙΚΟΥ ΠΟΛΟΥ ΕΛΛΗΝΙΚΟΥ – ΑΓ. ΚΟΣΜΑ- ORILINA. Yacht club and Residences. Hellinikon Marina ”",2.4.6.1,ΠΡΑΞΕΙΣ ΧΩΡΟΤΑΞΙΚΟΥ - ΠΟΛΕΟΔΟΜΙΚΟΥ ΠΕΡΙΕΧΟΜΕΝΟΥ,99201077,ΤΕΧΝΙΚΟ ΕΠΙΜΕΛΗΤΗΡΙΟ ΕΛΛΑΔΑΣ
99ΠΝ46Ψ842-9Δ4,592548,31/01/2023 09:33:44,31/01/2023 15:40:07,https://diavgeia.gov.gr/doc/99ΠΝ46Ψ842-9Δ4,"Έγκριση Εργασιών Δόμησης Μικρής Κλίμακας: ΕΚΤΕΛΕΣΗ ΕΡΓΑΣΙΩΝ ΓΙΑ ΓΕΩΤΕΧΝΙΚΗ ΕΡΕΥΝΑ, ΔΟΚΙΜΑΣΤΙΚΕΣ ΤΟΜΕΣ ΕΔΑΦΟΥΣ ΚΑΙ ΕΚΣΚΑΦΕΣ ΣΤΟ ΟΙΚΟΔΟΜΙΚΟ ΤΕΤΡΑΓΩΝΟ Α-Π6.9 (MAINSTREAM II) ΤΟΥ ΜΗΤΡΟΠΟΛΙΤΙΚΟΥ ΠΟΛΟΥ 
ΕΛΛΗΝΙΚΟΥ – ΑΓΙΟΥ ΚΟΣΜΑ ",2.4.6.1,ΠΡΑΞΕΙΣ ΧΩΡΟΤΑΞΙΚΟΥ - ΠΟΛΕΟΔΟΜΙΚΟΥ ΠΕΡΙΕΧΟΜΕΝΟΥ,99201077,ΤΕΧΝΙΚΟ ΕΠΙΜΕΛΗΤΗΡΙΟ ΕΛΛΑΔΑΣ
9ΦΠ746Ψ842-ΨΨ7,611047,22/02/2023 16:40:26,23/02/2023 16:24:24,https://diavgeia.gov.gr/doc/9ΦΠ746Ψ842-ΨΨ7,"Έγκριση Εργασιών Δόμησης Μικρής Κλίμακας: ΕΚΤΕΛΕΣΗ ΕΡΓΑΣΙΩΝ ΓΙΑ ΓΕΩΤΕΧΝΙΚΗ ΕΡΕΥΝΑ ΣΤΟ ΟΙΚΟΔΟΜΙΚΟ ΤΕΤΡΑΓΩΝΟ ΑΠ1.4 
(HIGH RISE) ΤΟΥ ΜΗΤΡΟΠΟΛΙΤΙΚΟΥ ΠΟΛΟΥ ΕΛΛΗΝΙΚΟΥ – ΑΓΙΟΥ ΚΟΣΜΑ",2.4.6.1,ΠΡΑΞΕΙΣ ΧΩΡΟΤΑΞΙΚΟΥ - ΠΟΛΕΟΔΟΜΙΚΟΥ ΠΕΡΙΕΧΟΜΕΝΟΥ,99201077,ΤΕΧΝΙΚΟ ΕΠΙΜΕΛΗΤΗΡΙΟ ΕΛΛΑΔΑΣ
6ΛΖ246Ψ842-ΚΒ6,610474,22/02/2023 11:51:05,22/02/2023 12:48:46,https://diavgeia.gov.gr/doc/6ΛΖ246Ψ842-ΚΒ6,Έγκριση Εργασιών Δόμησης Μικρής Κλίμακας: ΕΚΤΕΛΕΣΗ ΕΡΓΑΣΙΩΝ ΓΙΑ ΓΕΩΤΕΧΝΙΚΗ ΕΡΕΥΝΑ ΣΤΟ ΟΙΚΟΔΟΜΙΚΟ ΤΕΤΡΑΓΩΝΟ ΑΠ1.4 (HIGH RISE) ΤΟΥ ΜΗΤΡΟΠΟΛΙΤΙΚΟΥ ΠΟΛΟΥ ΕΛΛΗΝΙΚΟΥ – ΑΓΙΟΥ ΚΟΣΜΑ ,2.4.6.1,ΠΡΑΞΕΙΣ ΧΩΡΟΤΑΞΙΚΟΥ - ΠΟΛΕΟΔΟΜΙΚΟΥ ΠΕΡΙΕΧΟΜΕΝΟΥ,99201077,ΤΕΧΝΙΚΟ ΕΠΙΜΕΛΗΤΗΡΙΟ ΕΛΛΑΔΑΣ
ΡΚΞ946Ψ842-ΦΥΤ,593540,01/02/2023 09:53:42,01/02/2023 15:42:37,https://diavgeia.gov.gr/doc/ΡΚΞ946Ψ842-ΦΥΤ,"Έγκριση Εργασιών Δόμησης Μικρής Κλίμακας: ΕΚΤΕΛΕΣΗ ΕΡΓΑΣΙΩΝ ΓΙΑ ΓΕΩΤΕΧΝΙΚΗ ΕΡΕΥΝΑ ΣΤΟ ΟΙΚΟΔΟΜΙΚΟ ΤΕΤΡΑΓΩΝΟ 
 Α-Π6.11 (MAINSTREAM II) ΤΟΥ ΜΗΤΡΟΠΟΛΙΤΙΚΟΥ ΠΟΛΟΥ 
ΕΛΛΗΝΙΚΟΥ – ΑΓΙΟΥ ΚΟΣΜΑ ",2.4.6.1,ΠΡΑΞΕΙΣ ΧΩΡΟΤΑΞΙΚΟΥ - ΠΟΛΕΟΔΟΜΙΚΟΥ ΠΕΡΙΕΧΟΜΕΝΟΥ,99201077,ΤΕΧΝΙΚΟ ΕΠΙΜΕΛΗΤΗΡΙΟ ΕΛΛΑΔΑΣ
9ΔΕΗ46Ψ842-ΚΩ2,593534,01/02/2023 09:50:32,01/02/2023 15:40:50,https://diavgeia.gov.gr/doc/9ΔΕΗ46Ψ842-ΚΩ2,"Έγκριση Εργασιών Δόμησης Μικρής Κλίμακας: ΕΚΤΕΛΕΣΗ ΕΡΓΑΣΙΩΝ ΓΙΑ ΓΕΩΤΕΧΝΙΚΗ ΕΡΕΥΝΑ, ΔΟΚΙΜΑΣΤΙΚΕΣ ΤΟΜΕΣ ΕΔΑΦΟΥΣ ΚΑΙ ΕΚΣΚΑΦΕΣ ΣΤΟ ΟΙΚΟΔΟΜΙΚΟ ΤΕΤΡΑΓΩΝΟ Α-Π6.10 (MAINSTREAM II) ΤΟΥ ΜΗΤΡΟΠΟΛΙΤΙΚΟΥ ΠΟΛΟΥ 
ΕΛΛΗΝΙΚΟΥ – ΑΓΙΟΥ ΚΟΣΜΑ ",2.4.6.1,ΠΡΑΞΕΙΣ ΧΩΡΟΤΑΞΙΚΟΥ - ΠΟΛΕΟΔΟΜΙΚΟΥ ΠΕΡΙΕΧΟΜΕΝΟΥ,99201077,ΤΕΧΝΙΚΟ ΕΠΙΜΕΛΗΤΗΡΙΟ ΕΛΛΑΔΑΣ
ΨΝΕΣ46Ψ842-2ΣΩ,597495,07/02/2023 09:46:59,07/02/2023 15:28:25,https://diavgeia.gov.gr/doc/ΨΝΕΣ46Ψ842-2ΣΩ,Έγκριση Εργασιών Δόμησης Μικρής Κλίμακας: ΕΚΤΕΛΕΣΗ ΕΡΓΑΣΙΩΝ ΓΙΑ ΓΕΩΤΕΧΝΙΚΗ ΕΡΕΥΝΑ ΣΤΟ ΟΙΚΟΔΟΜΙΚΟ ΤΕΤΡΑΓΩΝΟ Α-Π1.6 (MAINSTREAM I) ΤΟΥ ΜΗΤΡΟΠΟΛΙΤΙΚΟΥ ΠΟΛΟΥ ΕΛΛΗΝΙΚΟΥ – ΑΓΙΟΥ ΚΟΣΜΑ,2.4.6.1,ΠΡΑΞΕΙΣ ΧΩΡΟΤΑΞΙΚΟΥ - ΠΟΛΕΟΔΟΜΙΚΟΥ ΠΕΡΙΕΧΟΜΕΝΟΥ,99201077,ΤΕΧΝΙΚΟ ΕΠΙΜΕΛΗΤΗΡΙΟ ΕΛΛΑΔΑΣ
90ΤΔ46Ψ842-ΚΡ4,659953,19/04/2023 11:45:21,19/04/2023 16:31:45,https://diavgeia.gov.gr/doc/90ΤΔ46Ψ842-ΚΡ4,"Έγκριση Εργασιών Δόμησης Μικρής Κλίμακας: ΕΚΤΕΛΕΣΗ ΓΕΩΤΕΧΝΙΚΩΝ ΕΡΕΥΝΩΝ, ΓΕΩΤΕΧΝΙΚΗ ΑΞΙΟΛΟΓΗΣΗ ΚΑΙ ΓΕΩΤΕΧΝΙΚΕΣ ΜΕΛΕΤΕΣ ΘΕΜΕΛΙΩΣΗΣ ΣΤΟ ΧΕΡΣΑΙΟ ΤΜΗΜΑ ΤΟΥ ΜΗΤΡΟΠΟΛΙΤΙΚΟΥ ΠΟΛΟΥ ΕΛΛΗΝΙΚΟΥ – ΑΓ. ΚΟΣΜΑ - HELLINIKON PARK STRUCTURES",2.4.6.1,ΠΡΑΞΕΙΣ ΧΩΡΟΤΑΞΙΚΟΥ - ΠΟΛΕΟΔΟΜΙΚΟΥ ΠΕΡΙΕΧΟΜΕΝΟΥ,99201077,ΤΕΧΝΙΚΟ ΕΠΙΜΕΛΗΤΗΡΙΟ ΕΛΛΑΔΑΣ
ΨΜΞΑ46Ψ842-Σ7Β,726206,23/06/2023 18:18:35,26/06/2023 15:27:21,https://diavgeia.gov.gr/doc/ΨΜΞΑ46Ψ842-Σ7Β,"Αναθεώρηση Έγκρισης Εργασιών Δόμησης Μικρής Κλίμακας: ΔΟΚΙΜΑΣΤΙΚΕΣ ΤΟΜΕΣ ΤΟΥ ΕΔΑΦΟΥΣ ΚΑΙ ΚΟΠΗ ΔΕΝΔΡΩΝ, ΣΤΟ ΟΙΚΟΠΕΔΟ 1.1.1 ΤΟΥ ΜΗΤΡΟΠΟΛΙΤΙΚΟΥ ΠΟΛΟΥ ΕΛΛΗΝΙΚΟΥ-ΑΓΙΟΥ ΚΟΣΜΑ.",2.4.6.1,ΠΡΑΞΕΙΣ ΧΩΡΟΤΑΞΙΚΟΥ - ΠΟΛΕΟΔΟΜΙΚΟΥ ΠΕΡΙΕΧΟΜΕΝΟΥ,99201077,ΤΕΧΝΙΚΟ ΕΠΙΜΕΛΗΤΗΡΙΟ ΕΛΛΑΔΑΣ
6ΩΟΗ46Ψ842-81Θ,732093,29/06/2023 18:45:05,30/06/2023 09:31:09,https://diavgeia.gov.gr/doc/6ΩΟΗ46Ψ842-81Θ,"Έγκριση Εργασιών Δόμησης Μικρής Κλίμακας: ΔΟΚΙΜΑΣΤΙΚΕΣ ΤΟΜΕΣ ΤΟΥ ΕΔΑΦΟΥΣ ΚΑΙ ΚΟΠΗ ΔΕΝΔΡΩΝ, ΣΤΟ ΟΙΚΟΠΕΔΟ 1.2.2, ΤΟΥ ΜΗΤΡΟΠΟΛΙΤΙΚΟΥ ΠΟΛΟΥ  ΕΛΛΗΝΙΚΟΥ- ΑΓΙΟΥ ΚΟΣΜΑ",2.4.6.1,ΠΡΑΞΕΙΣ ΧΩΡΟΤΑΞΙΚΟΥ - ΠΟΛΕΟΔΟΜΙΚΟΥ ΠΕΡΙΕΧΟΜΕΝΟΥ,99201077,ΤΕΧΝΙΚΟ ΕΠΙΜΕΛΗΤΗΡΙΟ ΕΛΛΑΔΑΣ
9ΥΠ846Ψ842-Κ69,733203,30/06/2023 14:26:43,30/06/2023 14:39:11,https://diavgeia.gov.gr/doc/9ΥΠ846Ψ842-Κ69,Έγκριση Εργασιών Δόμησης Μικρής Κλίμακας: ΔΟΚΙΜΑΣΤΙΚΕΣ ΤΟΜΕΣ ΤΟΥ ΕΔΑΦΟΥΣ ΚΑΙ ΚΟΠΗ ΔΕΝΔΡΩΝ ΣΤΟ ΟΙΚΟΠΕΔΟ 1.3.1 ΤΟΥ ΜΗΤΡΟΠΟΛΙΤΙΚΟΥ ΠΟΛΟΥ ΕΛΛΗΝΙΚΟΥ-ΑΓΙΟΥ ΚΟΣΜΑ.,2.4.6.1,ΠΡΑΞΕΙΣ ΧΩΡΟΤΑΞΙΚΟΥ - ΠΟΛΕΟΔΟΜΙΚΟΥ ΠΕΡΙΕΧΟΜΕΝΟΥ,99201077,ΤΕΧΝΙΚΟ ΕΠΙΜΕΛΗΤΗΡΙΟ ΕΛΛΑΔΑΣ
ΩΖΨΠ46Ψ842-Θ5Δ,712093,12/06/2023 10:48:27,12/06/2023 11:58:44,https://diavgeia.gov.gr/doc/ΩΖΨΠ46Ψ842-Θ5Δ,Έγκριση Εργασιών Δόμησης Μικρής Κλίμακας: ΕΚΤΕΛΕΣΗ ΕΡΓΑΣΙΩΝ ΓΙΑ ΓΕΩΤΕΧΝΙΚΗ ΕΡΕΥΝΑ ΣΤΟ ΟΙΚΟΔΟΜΙΚΟ ΤΕΤΡΑΓΩΝΟ Α-Π6.7 (MAINSTREAM II) ΤΟΥ ΜΗΤΡΟΠΟΛΙΤΙΚΟΥ ΠΟΛΟΥ ΕΛΛΗΝΙΚΟΥ – ΑΓΙΟΥ ΚΟΣΜΑ,2.4.6.1,ΠΡΑΞΕΙΣ ΧΩΡΟΤΑΞΙΚΟΥ - ΠΟΛΕΟΔΟΜΙΚΟΥ ΠΕΡΙΕΧΟΜΕΝΟΥ,99201077,ΤΕΧΝΙΚΟ ΕΠΙΜΕΛΗΤΗΡΙΟ ΕΛΛΑΔΑΣ
6ΞΥΙ46Ψ842-ΛΥΥ,712099,12/06/2023 10:49:21,12/06/2023 11:57:28,https://diavgeia.gov.gr/doc/6ΞΥΙ46Ψ842-ΛΥΥ,Έγκριση Εργασιών Δόμησης Μικρής Κλίμακας: ΕΚΤΕΛΕΣΗ ΕΡΓΑΣΙΩΝ ΓΙΑ ΓΕΩΤΕΧΝΙΚΗ ΕΡΕΥΝΑ ΣΤΟ ΟΙΚΟΔΟΜΙΚΟ ΤΕΤΡΑΓΩΝΟ Α-Π6.8 (MAINSTREAM II) ΤΟΥ ΜΗΤΡΟΠΟΛΙΤΙΚΟΥ ΠΟΛΟΥ ΕΛΛΗΝΙΚΟΥ – ΑΓΙΟΥ ΚΟΣΜΑ,2.4.6.1,ΠΡΑΞΕΙΣ ΧΩΡΟΤΑΞΙΚΟΥ - ΠΟΛΕΟΔΟΜΙΚΟΥ ΠΕΡΙΕΧΟΜΕΝΟΥ,99201077,ΤΕΧΝΙΚΟ ΕΠΙΜΕΛΗΤΗΡΙΟ ΕΛΛΑΔΑΣ
93ΠΜ46Ψ842-Κ2Δ,733055,30/06/2023 13:27:13,30/06/2023 14:39:57,https://diavgeia.gov.gr/doc/93ΠΜ46Ψ842-Κ2Δ,Έγκριση Εργασιών Δόμησης Μικρής Κλίμακας: ΔΟΚΙΜΑΣΤΙΚΕΣ ΤΟΜΕΣ ΤΟΥ ΕΔΑΦΟΥΣ ΚΑΙ ΚΟΠΗ ΔΕΝΔΡΩΝ στο ΟΙΚΟΠΕΔΟ 1.3.2. ΤΟΥ ΜΗΤΡΟΠΟΛΙΤΙΚΟΥ ΠΟΛΟΥ ΕΛΛΗΝΙΚΟΥ-ΑΓΙΟΥ ΚΟΣΜΑ,2.4.6.1,ΠΡΑΞΕΙΣ ΧΩΡΟΤΑΞΙΚΟΥ - ΠΟΛΕΟΔΟΜΙΚΟΥ ΠΕΡΙΕΧΟΜΕΝΟΥ,99201077,ΤΕΧΝΙΚΟ ΕΠΙΜΕΛΗΤΗΡΙΟ ΕΛΛΑΔΑΣ
6ΘΙΦ46Ψ842-57Ω,688591,18/05/2023 14:27:05,18/05/2023 14:53:34,https://diavgeia.gov.gr/doc/6ΘΙΦ46Ψ842-57Ω,"Προέγκριση Οικοδομικής Αδείας (ν.4759/2020): COMMERCIAL HUB: ΑΔΕΙΑ ΕΚΣΚΑΦΩΝ ΚΑΙ ΚΑΤΑΣΚΕΥΗΣ ΤΟΙΧΕΙΩΝ ΑΝΤΙΣΤΗΡΙΞΗΣ-ΑΔΕΙΑ ΚΟΠΗΣ ΔΕΝΤΡΩΝ, ΜΕ ΣΚΟΠΟ ΤΗΝ ΑΝΕΓΕΡΣΗ ΚΤΗΡΙΟΥ ΕΙΔΙΚΗΣ ΑΡΧΙΤΕΚΤΟΝΙΚΗΣ ΣΧΕΔΙΑΣΗΣ ΕΜΠΟΡΙΚΟΥ ΚΕΝΤΡΟΥ, ΓΡΑΦΕΙΩΝ ΚΑΙ ΕΜΠΟΡΙΚΩΝ ΚΑΤΑΣΤΗΜΑΤΩΝ, ΜΕ ΤΡΕΙΣ ΟΡΟΦΟΥΣ, ΤΡΙΑ ΙΣΟΓΕΙΑ ΕΠΙΠΕΔΑ ΚΑΙ ΕΞΙ ΚΛΙΜΑΚΩΤΑ ΥΠΟΓΕΙΑ ΕΠΙΠΕΔΑ ΒΟΗΘΗΤΙΚΩΝ ΧΩΡΩΝ, ΘΕΣΕΩΝ ΣΤΑΘΜΕΥΣΗΣ ΚΑΙ ΗΛΕΚΤΡΟΜΗΧΑΝΟΛΟΓΙΚΩΝ ΕΓΚΑΤΑΣΤΑΣΕΩΝ, ΜΕ ΔΙΑΜΟΡΦΩΣΗ ΠΕΡΙΒΑΛΛΟΝΤΟΣ ΧΩΡΟΥ ΚΑΙ ΚΑΤΑΣΚΕΥΗ ΥΔΑΤΙΝΩΝ ΣΤΟΙΧΕΙΩΝ, ΠΕΡΓΚΟΛΩΝ,
ΣΤΕΓΑΣΤΡΩΝ, ΗΛΙΑΚΩΝ ΑΙΘΡΙΩΝ, ΣΤΟ ΟΙΚΟΠΕΔΟ Α-Π4.17.1 ΤΟΥ Ο.Τ. Α-Π4.17 ΤΟΥ ΜΗΤΡΟΠΟΛΙΤΙΚΟΥ ΠΟΛΟΥ ΕΛΛΗΝΙΚΟΥ- ΑΓΙΟΥ ΚΟΣΜΑ ",2.4.6.1,ΠΡΑΞΕΙΣ ΧΩΡΟΤΑΞΙΚΟΥ - ΠΟΛΕΟΔΟΜΙΚΟΥ ΠΕΡΙΕΧΟΜΕΝΟΥ,99201077,ΤΕΧΝΙΚΟ ΕΠΙΜΕΛΗΤΗΡΙΟ ΕΛΛΑΔΑΣ
63ΔΞ46Ψ842-82Φ,786244,01/09/2023 16:32:07,01/09/2023 16:55:39,https://diavgeia.gov.gr/doc/63ΔΞ46Ψ842-82Φ,Αναθεώρηση Έγκρισης Εργασιών Δόμησης Μικρής Κλίμακας: AΝΑΘΕΩΡΗΣΗ ΤΗΣ ΑΠΟ  05.07.2023  ΥΠ'ΑΡΙΘΜΟΝ  737082 ΠΡΑΞΗΣ ΕΓΚΡΙΣΗΣ ΕΡΓΑΣΙΩΝ ΔΟΜΗΣΗΣ ΜΙΚΡΗΣ ΚΛΙΜΑΚΑΣ ΜΕ ΘΕΜΑ ΤΗ ΔΙΕΝΕΡΓΕΙΑ ΔΟΚΙΜΑΣΤΙΚΩΝ ΤΟΜΩΝ ΤΟΥ ΕΔΑΦΟΥΣ ΚΙΑ ΚΟΠΗΣ ΔΕΝΤΡΩΝ  ΣΤΟ ΟΙΚΟΠΕΔΟ ΜΕ ΚΩΔΙΚΟ 1.2.4  ΤΟΥ  ΜΗΤΡΟΠΟΛΙΤΙΚΟΥ ΠΟΛΟΥ ΕΛΛΗΝΙΚΟΥ – ΑΓΙΟΥ ΚΟΣΜΑ ΚοσμάΔΟΚΙΜΑΣΤΙΚΕΣ ΤΟΜΕΣ ΤΟΥ ΕΔΑΦΟΥΣ ΣΤΟ ΟΙΚΟΠΕΔΟ ΜΕ ΚΩΔΙΚΟ 1.2.4 ΤΟΥ ΜΗΤΡΟΠΟΛΙΤΙΚΟΥ ΠΟΛΟΥ ΕΛΛΗΝΙΚΟΥ-ΑΓΙΟΥ ΚΟΣΜΑ. ,2.4.6.1,ΠΡΑΞΕΙΣ ΧΩΡΟΤΑΞΙΚΟΥ - ΠΟΛΕΟΔΟΜΙΚΟΥ ΠΕΡΙΕΧΟΜΕΝΟΥ,99201077,ΤΕΧΝΙΚΟ ΕΠΙΜΕΛΗΤΗΡΙΟ ΕΛΛΑΔΑΣ
9Φ7Σ46Ψ842-ΤΓΗ,736609,04/07/2023 19:59:32,05/07/2023 11:22:44,https://diavgeia.gov.gr/doc/9Φ7Σ46Ψ842-ΤΓΗ,Έγκριση Εργασιών Δόμησης Μικρής Κλίμακας: ΔΟΚΙΜΑΣΤΙΚΕΣ ΤΟΜΕΣ ΤΟΥ ΕΔΑΦΟΥΣ ΣΤΟ ΟΙΚΟΠΕΔΟ 1.1.5  ΤΟΥ ΜΗΤΡΟΠΟΛΙΤΙΚΟΥ ΠΟΛΟΥ ΕΛΛΗΝΙΚΟΥ-ΑΓΙΟΥ ΚΟΣΜΑ,2.4.6.1,ΠΡΑΞΕΙΣ ΧΩΡΟΤΑΞΙΚΟΥ - ΠΟΛΕΟΔΟΜΙΚΟΥ ΠΕΡΙΕΧΟΜΕΝΟΥ,99201077,ΤΕΧΝΙΚΟ ΕΠΙΜΕΛΗΤΗΡΙΟ ΕΛΛΑΔΑΣ
6ΞΝΒ46Ψ842-Η2Υ,786241,01/09/2023 16:26:24,01/09/2023 16:55:37,https://diavgeia.gov.gr/doc/6ΞΝΒ46Ψ842-Η2Υ,Αναθεώρηση Έγκρισης Εργασιών Δόμησης Μικρής Κλίμακας: AΝΑΘΕΩΡΗΣΗ ΤΗΣ ΑΠΟ 05.07.2023 ΥΠ'ΑΡΙΘΜΟΝ 737081 ΠΡΑΞΗΣ ΕΓΚΡΙΣΗΣ ΕΡΓΑΣΙΩΝ ΔΟΜΗΣΗΣ ΜΙΚΡΗΣ ΚΛΙΜΑΚΑΣ ΜΕ ΘΕΜΑ  ΤΗΝ ΔΙΕΝΕΡΓΕΙΑ ΔΟΚΙΜΑΣΤΙΚΩΝ ΤΟΜΩΝ ΤΟΥ ΕΔΑΦΟΥΣ ΚΑΙ ΚΟΠΗΣ ΔΕΝΤΡΩΝ ΣΤΟ ΟΙΚΟΠΕΔΟ  ΜΕ ΚΩΔΙΚΟ 1.2.3 ΤΟΥ ΜΗΤΡΟΠΟΛΙΤΙΚΟΥ ΠΟΛΟΥ ΕΛΛΗΝΙΚΟΥ -ΑΓΙΟΥ ΚΟΣΜΑ ,2.4.6.1,ΠΡΑΞΕΙΣ ΧΩΡΟΤΑΞΙΚΟΥ - ΠΟΛΕΟΔΟΜΙΚΟΥ ΠΕΡΙΕΧΟΜΕΝΟΥ,99201077,ΤΕΧΝΙΚΟ ΕΠΙΜΕΛΗΤΗΡΙΟ ΕΛΛΑΔΑΣ
ΡΚΚΝ46Ψ842-Ν05,877259,29/11/2023 18:07:50,30/11/2023 14:16:03,https://diavgeia.gov.gr/doc/ΡΚΚΝ46Ψ842-Ν05,"Έγκριση Εργασιών Δόμησης Μικρής Κλίμακας: «ΕΚΤΕΛΕΣΗ ΓΕΩΤΕΧΝΙΚΩΝ ΕΡΕΥΝΩΝ, ΓΕΩΤΕΧΝΙΚΗ ΑΞΙΟΛΟΓΗΣΗ ΚΑΙ ΓΕΩΤΕΧΝΙΚΕΣ ΜΕΛΕΤΕΣ ΘΕΜΕΛΙΩΣΗΣ ΣΤΟ ΧΕΡΣΑΙΟ ΤΜΗΜΑ ΤΟΥ ΜΗΤΡΟΠΟΛΙΤΙΚΟΥ ΠΟΛΟΥ ΕΛΛΗΝΙΚΟΥ – ΑΓ. ΚΟΣΜΑ – BELT»",2.4.6.1,ΠΡΑΞΕΙΣ ΧΩΡΟΤΑΞΙΚΟΥ - ΠΟΛΕΟΔΟΜΙΚΟΥ ΠΕΡΙΕΧΟΜΕΝΟΥ,99201077,ΤΕΧΝΙΚΟ ΕΠΙΜΕΛΗΤΗΡΙΟ ΕΛΛΑΔΑΣ
ΡΔΩΑ46Ψ842-ΟΦ5,840689,25/10/2023 14:47:14,25/10/2023 15:43:20,https://diavgeia.gov.gr/doc/ΡΔΩΑ46Ψ842-ΟΦ5,Έγκριση Εργασιών Δόμησης Μικρής Κλίμακας: «Γεωτεχνική μελέτη και εργασίες γεωτεχνικής έρευνας για το έργο του Ξενοδοχειακού συγκροτήματος και κατοικιών MALT στον Μητροπολιτικό Πόλο Ελληνικού - Αγίου Κοσμά» 	,2.4.6.1,ΠΡΑΞΕΙΣ ΧΩΡΟΤΑΞΙΚΟΥ - ΠΟΛΕΟΔΟΜΙΚΟΥ ΠΕΡΙΕΧΟΜΕΝΟΥ,99201077,ΤΕΧΝΙΚΟ ΕΠΙΜΕΛΗΤΗΡΙΟ ΕΛΛΑΔΑΣ
6ΦΗ946Ψ842-3ΥΝ,840075,25/10/2023 11:13:07,25/10/2023 15:46:13,https://diavgeia.gov.gr/doc/6ΦΗ946Ψ842-3ΥΝ,Έγκριση Εργασιών Δόμησης Μικρής Κλίμακας: «Γεωτεχνική μελέτη και εργασίες γεωτεχνικής έρευνας για το έργο του Ξενοδοχειακού συγκροτήματος και κατοικιών MALT στον Μητροπολιτικό Πόλο Ελληνικού - Αγίου Κοσμά» ,2.4.6.1,ΠΡΑΞΕΙΣ ΧΩΡΟΤΑΞΙΚΟΥ - ΠΟΛΕΟΔΟΜΙΚΟΥ ΠΕΡΙΕΧΟΜΕΝΟΥ,99201077,ΤΕΧΝΙΚΟ ΕΠΙΜΕΛΗΤΗΡΙΟ ΕΛΛΑΔΑΣ
ΩΝΜΙ46Ψ842-ΑΙΘ,848396,02/11/2023 11:25:40,02/11/2023 12:52:02,https://diavgeia.gov.gr/doc/ΩΝΜΙ46Ψ842-ΑΙΘ,"Προέγκριση Οικοδομικής Αδείας (ν.4759/2020): ΕΣΩΤΕΡΙΚΕΣ ΔΙΑΡΡΥΘΜΙΣΕΙΣ, ΔΙΑΜΟΡΦΩΣΗ ΟΨΕΩΝ ΚΑΙ ΑΛΛΑΓΗ ΧΡΗΣΗΣ ΔΙΑΤΗΡΟΥΜΕΝΟΥ ΚΤΗΡΙΟΥ ΤΗΣ ΚΤΗΡΙΑΚΗΣ ΕΝΟΤΗΤΑΣ Β6 ΤΟΥ ΜΗΤΡΟΠΟΛΙΤΙΚΟΥ ΠΑΡΚΟΥ ΠΡΑΣΙΝΟΥ ΚΑΙ ΑΝΑΨΥΧΗΣ ΤΟΥ ΜΗΤΡΟΠΟΛΙΤΙΚΟΥ ΠΟΛΟΥ ΕΛΛΗΝΙΚΟΥ - ΑΓ. ΚΟΣΜΑ (ΠΡΩΗΝ ΚΤΗΡΙΟΥ ΚΑΝΟΕ-ΚΑΓΙΑΚ)",2.4.6.1,ΠΡΑΞΕΙΣ ΧΩΡΟΤΑΞΙΚΟΥ - ΠΟΛΕΟΔΟΜΙΚΟΥ ΠΕΡΙΕΧΟΜΕΝΟΥ,99201077,ΤΕΧΝΙΚΟ ΕΠΙΜΕΛΗΤΗΡΙΟ ΕΛΛΑΔΑΣ
60ΞΑ46Ψ842-Ο1Ι,895033,15/12/2023 11:05:55,15/12/2023 11:33:26,https://diavgeia.gov.gr/doc/60ΞΑ46Ψ842-Ο1Ι,"Ενημέρωση Οικοδομικής Αδείας (ν.4759/2020): ΕΝΗΜΕΡΩΣΗ ΤΗΣ ΥΠ' ΑΡΙΘΜΟΝ 414051/22 ΟΙΚΟΔΟΜΙΚΗΣ ΑΔΕΙΑΣ ΓΙΑ ΑΛΛΑΓΗ ΟΝΟΜΑΤΟΣ ΙΔΙΟΚΤΗΤΗ, ΠΡΟΣΘΗΚΗ ΔΥΟ ΕΞΩΤΕΡΙΚΩΝ ΚΛΙΜΑΚΩΝ ΣΥΝΤΗΡΗΣΗΣ ΔΩΜΑΤΩΝ ΚΑΙ ΠΡΟΣΘΗΚΗ Η/Μ ΦΡΕΑΤΙΟΥ ΔΕΔΔΗΕ ΣΤΟ ΥΠΟΓΕΙΟ ΓΙΑ ΤΟ ΝΕΟ ΚΤΙΡΙΟ ΜΕΤΕΓΚΑΤΑΣΤΑΣΗΣ ΣΥΛΛΟΓΩΝ ΑΜΕΑ ΕΝΤΟΣ ΤΟΥ ΜΗΤΡΟΠΟΛΙΤΙΚΟΥ ΠΟΛΟΥ ΕΛΛΗΝΙΚΟΥ - ΑΓΙΟΥ ΚΟΣΜΑ",2.4.6.1,ΠΡΑΞΕΙΣ ΧΩΡΟΤΑΞΙΚΟΥ - ΠΟΛΕΟΔΟΜΙΚΟΥ ΠΕΡΙΕΧΟΜΕΝΟΥ,99201077,ΤΕΧΝΙΚΟ ΕΠΙΜΕΛΗΤΗΡΙΟ ΕΛΛΑΔΑΣ
ΨΨΛΙ46Ψ842-ΑΘΛ,737081,05/07/2023 11:15:28,05/07/2023 11:45:03,https://diavgeia.gov.gr/doc/ΨΨΛΙ46Ψ842-ΑΘΛ,Έγκριση Εργασιών Δόμησης Μικρής Κλίμακας: ΔΟΚΙΜΑΣΤΙΚΕΣ ΤΟΜΕΣ ΤΟΥ ΕΔΑΦΟΥΣ ΚΑΙ ΚΟΠΗ ΔΕΝΔΡΩΝ στο ΟΙΚΟΠΕΔΟ 1.2.3 ΤΟΥ ΜΗΤΡΟΠΟΛΙΤΙΚΟΥ ΠΟΛΟΥ ΕΛΛΗΝΙΚΟΥ-ΑΓΙΟΥ ΚΟΣΜΑ,2.4.6.1,ΠΡΑΞΕΙΣ ΧΩΡΟΤΑΞΙΚΟΥ - ΠΟΛΕΟΔΟΜΙΚΟΥ ΠΕΡΙΕΧΟΜΕΝΟΥ,99201077,ΤΕΧΝΙΚΟ ΕΠΙΜΕΛΗΤΗΡΙΟ ΕΛΛΑΔΑΣ
ΩΜ3946Ψ842-7ΑΙ,767474,03/08/2023 13:05:25,03/08/2023 13:15:34,https://diavgeia.gov.gr/doc/ΩΜ3946Ψ842-7ΑΙ,Έγκριση Εργασιών Δόμησης Μικρής Κλίμακας: ΔΟΚΙΜΑΣΤΙΚΕΣ ΤΟΜΕΣ ΤΟΥ ΕΔΑΦΟΥΣ ΚΑΙ ΚΟΠΗ ΔΕΝΔΡΩΝ ΣΤΟ ΟΙΚΟΠΕΔΟ 2.5.2 ΤΟΥ ΜΗΤΡΟΠΟΛΙΤΙΚΟΥ ΠΟΛΟΥ ΕΛΛΗΝΙΚΟΥ-ΑΓΙΟΥ ΚΟΣΜΑ,2.4.6.1,ΠΡΑΞΕΙΣ ΧΩΡΟΤΑΞΙΚΟΥ - ΠΟΛΕΟΔΟΜΙΚΟΥ ΠΕΡΙΕΧΟΜΕΝΟΥ,99201077,ΤΕΧΝΙΚΟ ΕΠΙΜΕΛΗΤΗΡΙΟ ΕΛΛΑΔΑΣ
9Α1Υ46Ψ842-Δ09,767790,03/08/2023 15:50:56,04/08/2023 13:01:53,https://diavgeia.gov.gr/doc/9Α1Υ46Ψ842-Δ09,Αναθεώρηση Έγκρισης Εργασιών Δόμησης Μικρής Κλίμακας: ΔΟΚΙΜΑΣΤΙΚΕΣ ΤΟΜΕΣ ΤΟΥ ΕΔΑΦΟΥΣ ΣΤΟ ΟΙΚΟΠΕΔΟ 1.1.1 ΤΟΥ ΜΗΤΡΟΠΟΛΙΤΙΚΟΥ ΠΟΛΟΥ ΕΛΛΗΝΙΚΟΥ-ΑΓΙΟΥ ΚΟΣΜΑ.,2.4.6.1,ΠΡΑΞΕΙΣ ΧΩΡΟΤΑΞΙΚΟΥ - ΠΟΛΕΟΔΟΜΙΚΟΥ ΠΕΡΙΕΧΟΜΕΝΟΥ,99201077,ΤΕΧΝΙΚΟ ΕΠΙΜΕΛΗΤΗΡΙΟ ΕΛΛΑΔΑΣ
Ρ6Ξ946Ψ842-71Κ,748215,14/07/2023 18:25:58,17/07/2023 15:32:54,https://diavgeia.gov.gr/doc/Ρ6Ξ946Ψ842-71Κ,Έγκριση Εργασιών Δόμησης Μικρής Κλίμακας: ΔΟΚΙΜΑΣΤΙΚΕΣ ΤΟΜΕΣ ΤΟΥ ΕΔΑΦΟΥΣ ΚΑΙ ΚΟΠΗ ΔΕΝΔΡΩΝ στο ΟΙΚΟΠΕΔΟ 1.1.2 ΤΟΥ ΜΗΤΡΟΠΟΛΙΤΙΚΟΥ ΠΟΛΟΥ ΕΛΛΗΝΙΚΟΥ-ΑΓΙΟΥ ΚΟΣΜΑ.,2.4.6.1,ΠΡΑΞΕΙΣ ΧΩΡΟΤΑΞΙΚΟΥ - ΠΟΛΕΟΔΟΜΙΚΟΥ ΠΕΡΙΕΧΟΜΕΝΟΥ,99201077,ΤΕΧΝΙΚΟ ΕΠΙΜΕΛΗΤΗΡΙΟ ΕΛΛΑΔΑΣ
90ΤΖ46Ψ842-ΡΦΙ,746566,13/07/2023 15:18:41,14/07/2023 13:19:57,https://diavgeia.gov.gr/doc/90ΤΖ46Ψ842-ΡΦΙ,Έγκριση Εργασιών Δόμησης Μικρής Κλίμακας: ΔΟΚΙΜΑΣΤΙΚΕΣ ΤΟΜΕΣ ΤΟΥ ΕΔΑΦΟΥΣ ΚΑΙ ΚΟΠΗ ΔΕΝΔΡΩΝ στο ΟΙΚΟΠΕΔΟ 2.5.1 ΤΟΥ ΜΗΤΡΟΠΟΛΙΤΙΚΟΥ ΠΟΛΟΥ ΕΛΛΗΝΙΚΟΥ-ΑΓΙΟΥ ΚΟΣΜΑ.,2.4.6.1,ΠΡΑΞΕΙΣ ΧΩΡΟΤΑΞΙΚΟΥ - ΠΟΛΕΟΔΟΜΙΚΟΥ ΠΕΡΙΕΧΟΜΕΝΟΥ,99201077,ΤΕΧΝΙΚΟ ΕΠΙΜΕΛΗΤΗΡΙΟ ΕΛΛΑΔΑΣ
6Λ0Ω46Ψ842-ΖΗΒ,746560,13/07/2023 15:15:21,14/07/2023 13:21:44,https://diavgeia.gov.gr/doc/6Λ0Ω46Ψ842-ΖΗΒ,Έγκριση Εργασιών Δόμησης Μικρής Κλίμακας: ΔΟΚΙΜΑΣΤΙΚΕΣ ΤΟΜΕΣ ΤΟΥ ΕΔΑΦΟΥΣ ΣΤΟ ΟΙΚΟΠΕΔΟ 1.1.4  ΤΟΥ ΜΗΤΡΟΠΟΛΙΤΙΚΟΥ ΠΟΛΟΥ ΕΛΛΗΝΙΚΟΥ -ΑΓΙΟΥ  ΚΟΣΜΑ ,2.4.6.1,ΠΡΑΞΕΙΣ ΧΩΡΟΤΑΞΙΚΟΥ - ΠΟΛΕΟΔΟΜΙΚΟΥ ΠΕΡΙΕΧΟΜΕΝΟΥ,99201077,ΤΕΧΝΙΚΟ ΕΠΙΜΕΛΗΤΗΡΙΟ ΕΛΛΑΔΑΣ
6ΗΡΜ46Ψ842-94Ω,753876,20/07/2023 17:29:39,21/07/2023 12:48:24,https://diavgeia.gov.gr/doc/6ΗΡΜ46Ψ842-94Ω,Έγκριση Εργασιών Δόμησης Μικρής Κλίμακας: ΔΟΚΙΜΑΣΤΙΚΕΣ ΤΟΜΕΣ ΤΟΥ ΕΔΑΦΟΥΣ ΚΑΙ ΚΟΠΗ ΔΕΝΔΡΩΝ ΣΤΟ ΟΙΚΟΠΕΔΟ 1.4.3 ΤΟΥ ΜΗΤΡΟΠΟΛΙΤΙΚΟΥ ΠΟΛΟΥ ΕΛΛΗΝΙΚΟΥ-ΑΓΙΟΥ ΚΟΣΜΑ,2.4.6.1,ΠΡΑΞΕΙΣ ΧΩΡΟΤΑΞΙΚΟΥ - ΠΟΛΕΟΔΟΜΙΚΟΥ ΠΕΡΙΕΧΟΜΕΝΟΥ,99201077,ΤΕΧΝΙΚΟ ΕΠΙΜΕΛΗΤΗΡΙΟ ΕΛΛΑΔΑΣ
9ΖΣΜ46Ψ842-Α1Α,756254,24/07/2023 12:15:09,24/07/2023 12:35:49,https://diavgeia.gov.gr/doc/9ΖΣΜ46Ψ842-Α1Α,"Έγκριση Εργασιών Δόμησης Μικρής Κλίμακας: ΔΟΚΙΜΑΣΤΙΚΕΣ ΤΟΜΕΣ ΤΟΥ ΕΔΑΦΟΥΣ ΚΑΙ ΚΟΠΗ ΔΕΝΔΡΩΝ, ΣΤΟ ΟΙΚΟΠΕΔΟ 2.6.2,ΤΟΥ ΜΗΤΡΟΠΟΛΙΤΙΚΟΥ ΠΟΛΟΥ ΕΛΛΗΝΙΚΟΥ-ΑΓΙΟΥ ΚΟΣΜΑ",2.4.6.1,ΠΡΑΞΕΙΣ ΧΩΡΟΤΑΞΙΚΟΥ - ΠΟΛΕΟΔΟΜΙΚΟΥ ΠΕΡΙΕΧΟΜΕΝΟΥ,99201077,ΤΕΧΝΙΚΟ ΕΠΙΜΕΛΗΤΗΡΙΟ ΕΛΛΑΔΑΣ
9ΔΞΧ46Ψ842-62Π,737082,05/07/2023 11:16:12,05/07/2023 11:44:51,https://diavgeia.gov.gr/doc/9ΔΞΧ46Ψ842-62Π,Έγκριση Εργασιών Δόμησης Μικρής Κλίμακας: ΔΟΚΙΜΑΣΤΙΚΕΣ ΤΟΜΕΣ ΤΟΥ ΕΔΑΦΟΥΣ ΚΑΙ ΚΟΠΗ ΔΕΝΔΡΩΝ στο ΟΙΚΟΠΕΔΟ 1.2.4 ΤΟΥ ΜΗΤΡΟΠΟΛΙΤΙΚΟΥ ΠΟΛΟΥ ΕΛΛΗΝΙΚΟΥ-ΑΓΙΟΥ ΚΟΣΜΑ,2.4.6.1,ΠΡΑΞΕΙΣ ΧΩΡΟΤΑΞΙΚΟΥ - ΠΟΛΕΟΔΟΜΙΚΟΥ ΠΕΡΙΕΧΟΜΕΝΟΥ,99201077,ΤΕΧΝΙΚΟ ΕΠΙΜΕΛΗΤΗΡΙΟ ΕΛΛΑΔΑΣ
ΡΞ8Ο46Ψ842-ΩΣ1,815685,02/10/2023 14:10:32,02/10/2023 16:28:27,https://diavgeia.gov.gr/doc/ΡΞ8Ο46Ψ842-ΩΣ1,"Αναθεώρηση Έγκρισης Εργασιών Δόμησης Μικρής Κλίμακας: AΝΑΘΕΩΡΗΣΗ ΤΗΣ ΑΠΟ 29.05.2023 ΥΠ'ΑΡΙΘΜΟΝ 699102 ΠΡΑΞΗΣ ΕΓΚΡΙΣΗΣ ΕΡΓΑΣΙΩΝ ΔΟΜΗΣΗΣ ΜΙΚΡΗΣ ΚΛΙΜΑΚΑΣ ΜΕ ΘΕΜΑ ΤΗ ΔΙΕΝΕΡΓΕΙΑ ΔΟΚΙΜΑΣΤΙΚΩΝ ΤΟΜΩΝ ΤΟΥ ΕΔΑΦΟΥΣ ΚΑΙ ΚΟΠΗΣ ΔΕΝΤΡΩΝ ΣΤΟ ΟΙΚΟΠΕΔΟ ΜΕ ΚΩΔΙΚΟ 1.4.1 ΤΟΥ ΜΗΤΡΟΠΟΛΙΤΙΚΟΥ ΠΟΛΟΥ ΕΛΛΗΝΙΚΟΥ – ΑΓΙΟΥ ΚΟΣΜΑ 
 ",2.4.6.1,ΠΡΑΞΕΙΣ ΧΩΡΟΤΑΞΙΚΟΥ - ΠΟΛΕΟΔΟΜΙΚΟΥ ΠΕΡΙΕΧΟΜΕΝΟΥ,99201077,ΤΕΧΝΙΚΟ ΕΠΙΜΕΛΗΤΗΡΙΟ ΕΛΛΑΔΑΣ
ΡΘΦ446Ψ842-ΞΥΖ,847631,01/11/2023 15:59:01,01/11/2023 16:36:20,https://diavgeia.gov.gr/doc/ΡΘΦ446Ψ842-ΞΥΖ,Αναθεώρηση Έγκρισης Εργασιών Δόμησης Μικρής Κλίμακας: ΑΝΑΘΕΩΡΗΣΗ ΤΗΣ ΑΠΟ 02.06.2023 ΥΠ’ΑΡΙΘΜΟΝ 705011 ΠΡΑΞΗΣ ΕΓΚΡΙΣΗΣ ΕΡΓΑΣΙΩΝ ΔΟΜΗΣΗΣ ΜΙΚΡΗΣ ΚΛΙΜΑΚΑΣ ΜΕ ΘΕΜΑ ΤΗ ΔΙΕΝΕΡΓΕΙΑ ΔΟΚΙΜΑΣΤΙΚΩΝ ΤΟΜΩΝ ΤΟΥ ΕΔΑΦΟΥΣ ΚΑΙ ΚΟΠΗΣ ΔΕΝΤΡΩΝ ΣΤΟ ΟΙΚOΠΕΔΟ ΜΕ ΚΩΔΙΚΟ 1.2.1 ΤΟΥ ΜΗΤΡΟΠΟΛΙΤΙΚΟΥ ΠΟΛΟΥ ΕΛΛΗΝΙΚΟΥ – ΑΓΙΟΥ ΚΟΣΜΑ,2.4.6.1,ΠΡΑΞΕΙΣ ΧΩΡΟΤΑΞΙΚΟΥ - ΠΟΛΕΟΔΟΜΙΚΟΥ ΠΕΡΙΕΧΟΜΕΝΟΥ,99201077,ΤΕΧΝΙΚΟ ΕΠΙΜΕΛΗΤΗΡΙΟ ΕΛΛΑΔΑΣ
6ΖΛΘ46Ψ842-36Η,887557,08/12/2023 13:44:30,08/12/2023 13:48:21,https://diavgeia.gov.gr/doc/6ΖΛΘ46Ψ842-36Η,"Αναθεώρηση Έγκρισης Εργασιών Δόμησης Μικρής Κλίμακας: ΑΝΑΘΕΩΡΗΣΗ ΤΗΣ ΑΠΟ 02.06.2023 ΥΠ'ΑΡΙΘΜΟΝ 705013 ΠΡΑΞΗΣ ΕΓΚΡΙΣΗΣ ΕΡΓΑΣΙΩΝ ΔΟΜΗΣΗΣ ΜΙΚΡΗΣ ΚΛΙΜΑΚΑΣ ΜΕ ΘΕΜΑ   ΔΟΚΙΜΑΣΤΙΚΕΣ ΤΟΜΕΣ ΤΟΥ ΕΔΑΦΟΥΣ ΚΑΙ ΚΟΠΗ ΔΕΝΔΡΩΝ, ΣΤΟ ΟΙΚΟΠΕΔΟ ΜΕ ΚΩΔΙΚΟ  2.6.1.ΤΟΥ ΜΗΤΡΟΠΟΛΙΤΙΚΟΥ ΠΟΛΟΥ ΕΛΛΗΝΙΚΟΥ – ΑΓΙΟΥ ΚΟΣΜΑ",2.4.6.1,ΠΡΑΞΕΙΣ ΧΩΡΟΤΑΞΙΚΟΥ - ΠΟΛΕΟΔΟΜΙΚΟΥ ΠΕΡΙΕΧΟΜΕΝΟΥ,99201077,ΤΕΧΝΙΚΟ ΕΠΙΜΕΛΗΤΗΡΙΟ ΕΛΛΑΔΑΣ
6ΛΗ246Ψ842-Ο7Β,878905,30/11/2023 19:54:20,01/12/2023 11:22:09,https://diavgeia.gov.gr/doc/6ΛΗ246Ψ842-Ο7Β,"Αναθεώρηση Οικ. Αδείας ME προέγκριση ή βεβαίωση (ν.4759/2020): COMMERCIAL HUB: Β ΑΝΑΘΕΩΡΗΣΗ ΤΗΣ Α/Α ΠΡΑΞΗΣ 748232/2023 ΟΙΚΟΔΟΜΙΚΗΣ ΑΔΕΙΑΣ ΜΕ ΣΚΟΠΟ ΤΗΝ ΑΝΕΓΕΡΣΗ ΚΤΗΡΙΟΥ ΕΙΔΙΚΗΣ ΑΡΧΙΤΕΚΤΟΝΙΚΗΣ ΣΧΕΔΙΑΣΗΣ ΕΜΠΟΡΙΚΟΥ ΚΕΝΤΡΟΥ, ΓΡΑΦΕΙΩΝ ΚΑΙ ΕΜΠΟΡΙΚΩΝ ΚΑΤΑΣΤΗΜΑΤΩΝ, ΜΕ ΤΡΕΙΣ ΟΡΟΦΟΥΣ, ΤΡΙΑ ΙΣΟΓΕΙΑ ΕΠΙΠΕΔΑ ΚΑΙ ΕΞΙ ΚΛΙΜΑΚΩΤΑ ΥΠΟΓΕΙΑ ΕΠΙΠΕΔΑ ΒΟΗΘΗΤΙΚΩΝ ΧΩΡΩΝ, ΘΕΣΕΩΝ ΣΤΑΘΜΕΥΣΗΣ ΚΑΙ ΗΛΕΚΤΡΟΜΗΧΑΝΟΛΟΓΙΚΩΝ ΕΓΚΑΤΑΣΤΑΣΕΩΝ, ΜΕ ΔΙΑΜΟΡΦΩΣΗ ΠΕΡΙΒΑΛΛΟΝΤΟΣ ΧΩΡΟΥ ΚΑΙ ΚΑΤΑΣΚΕΥΗ ΥΔΑΤΙΝΩΝ ΣΤΟΙΧΕΙΩΝ, ΠΕΡΓΚΟΛΩΝ, ΣΤΕΓΑΣΤΡΩΝ, ΗΛΙΑΚΩΝ ΑΙΘΡΙΩΝ ΚΑΙ ΚΟΠΗ ΔΕΝΤΡΩΝ, ΣΤΟ OIKOΠEΔO A-Π4.17.1 TOY Ο.Τ. Α-Π4.17 ΤΟΥ ΜΗΤΡΟΠΟΛΙΤΙΚΟΥ ΠΟΛΟΥ ΕΛΛΗΝΙΚΟΥ- ΑΓΙΟΥ ΚΟΣΜΑ",2.4.6.1,ΠΡΑΞΕΙΣ ΧΩΡΟΤΑΞΙΚΟΥ - ΠΟΛΕΟΔΟΜΙΚΟΥ ΠΕΡΙΕΧΟΜΕΝΟΥ,99201077,ΤΕΧΝΙΚΟ ΕΠΙΜΕΛΗΤΗΡΙΟ ΕΛΛΑΔΑΣ
ΨΘΜΥ46Ψ842-ΒΚΝ,801448,19/09/2023 15:38:18,19/09/2023 15:38:30,https://diavgeia.gov.gr/doc/ΨΘΜΥ46Ψ842-ΒΚΝ,"Ενημέρωση Οικοδομικής Αδείας (ν.4759/2020): ΕΝΗΜΕΡΩΣΗ ΤΗΣ ΥΠ' ΑΡΙΘΜΟΝ 414051/22 ΟΙΚΟΔΟΜΙΚΗΣ ΑΔΕΙΑΣ ΓΙΑ ΑΛΛΑΓΗ ΟΝΟΜΑΤΟΣ ΙΔΙΟΚΤΗΤΗ, ΠΡΟΣΘΗΚΗ ΔΥΟ ΕΞΩΤΕΡΙΚΩΝ ΚΛΙΜΑΚΩΝ ΣΥΝΤΗΡΗΣΗΣ ΔΩΜΑΤΩΝ ΚΑΙ ΠΡΟΣΘΗΚΗ Η/Μ ΦΡΕΑΤΙΟΥ ΔΕΔΔΗΕ ΣΤΟ ΥΠΟΓΕΙΟ ΓΙΑ ΤΟ ΝΕΟ ΚΤΙΡΙΟ ΜΕΤΕΓΚΑΤΑΣΤΑΣΗΣ ΣΥΛΛΟΓΩΝ ΑΜΕΑ ΕΝΤΟΣ ΤΟΥ ΜΗΤΡΟΠΟΛΙΤΙΚΟΥ ΠΟΛΟΥ ΕΛΛΗΝΙΚΟΥ - ΑΓΙΟΥ ΚΟΣΜΑ",2.4.6.1,ΠΡΑΞΕΙΣ ΧΩΡΟΤΑΞΙΚΟΥ - ΠΟΛΕΟΔΟΜΙΚΟΥ ΠΕΡΙΕΧΟΜΕΝΟΥ,99201077,ΤΕΧΝΙΚΟ ΕΠΙΜΕΛΗΤΗΡΙΟ ΕΛΛΑΔΑΣ
Ρ43Β46Ψ842-ΒΚΔ,801448,19/09/2023 15:38:18,19/09/2023 15:38:23,https://diavgeia.gov.gr/doc/Ρ43Β46Ψ842-ΒΚΔ,"Ενημέρωση Οικοδομικής Αδείας (ν.4759/2020): ΕΝΗΜΕΡΩΣΗ ΤΗΣ ΥΠ' ΑΡΙΘΜΟΝ 414051/22 ΟΙΚΟΔΟΜΙΚΗΣ ΑΔΕΙΑΣ ΓΙΑ ΑΛΛΑΓΗ ΟΝΟΜΑΤΟΣ ΙΔΙΟΚΤΗΤΗ, ΠΡΟΣΘΗΚΗ ΔΥΟ ΕΞΩΤΕΡΙΚΩΝ ΚΛΙΜΑΚΩΝ ΣΥΝΤΗΡΗΣΗΣ ΔΩΜΑΤΩΝ ΚΑΙ ΠΡΟΣΘΗΚΗ Η/Μ ΦΡΕΑΤΙΟΥ ΔΕΔΔΗΕ ΣΤΟ ΥΠΟΓΕΙΟ ΓΙΑ ΤΟ ΝΕΟ ΚΤΙΡΙΟ ΜΕΤΕΓΚΑΤΑΣΤΑΣΗΣ ΣΥΛΛΟΓΩΝ ΑΜΕΑ ΕΝΤΟΣ ΤΟΥ ΜΗΤΡΟΠΟΛΙΤΙΚΟΥ ΠΟΛΟΥ ΕΛΛΗΝΙΚΟΥ - ΑΓΙΟΥ ΚΟΣΜΑ",2.4.6.1,ΠΡΑΞΕΙΣ ΧΩΡΟΤΑΞΙΚΟΥ - ΠΟΛΕΟΔΟΜΙΚΟΥ ΠΕΡΙΕΧΟΜΕΝΟΥ,99201077,ΤΕΧΝΙΚΟ ΕΠΙΜΕΛΗΤΗΡΙΟ ΕΛΛΑΔΑΣ
Ψ1ΓΤ46Ψ842-Μ4Ξ,767486,03/08/2023 13:09:34,03/08/2023 13:15:23,https://diavgeia.gov.gr/doc/Ψ1ΓΤ46Ψ842-Μ4Ξ,Έγκριση Εργασιών Δόμησης Μικρής Κλίμακας: ΔΟΚΙΜΑΣΤΙΚΕΣ ΤΟΜΕΣ ΤΟΥ ΕΔΑΦΟΥΣ ΚΑΙ ΚΟΠΗ ΔΕΝΔΡΩΝ ΣΤΟ ΟΙΚΟΠΕΔΟ 2.5.3 ΤΟΥ ΜΗΤΡΟΠΟΛΙΤΙΚΟΥ ΠΟΛΟΥ ΕΛΛΗΝΙΚΟΥ-ΑΓΙΟΥ ΚΟΣΜΑ,2.4.6.1,ΠΡΑΞΕΙΣ ΧΩΡΟΤΑΞΙΚΟΥ - ΠΟΛΕΟΔΟΜΙΚΟΥ ΠΕΡΙΕΧΟΜΕΝΟΥ,99201077,ΤΕΧΝΙΚΟ ΕΠΙΜΕΛΗΤΗΡΙΟ ΕΛΛΑΔΑΣ
ΨΖΤ946Ψ842-ΑΚΒ,748232,14/07/2023 19:06:24,17/07/2023 15:28:14,https://diavgeia.gov.gr/doc/ΨΖΤ946Ψ842-ΑΚΒ,"Οικοδομική Άδεια (ν.4759/2020): COMMERCIAL HUB: ΑΔΕΙΑ ΕΚΣΚΑΦΩΝ ΚΑΙ ΚΑΤΑΣΚΕΥΗΣ ΤΟΙΧΕΙΩΝ ΑΝΤΙΣΤΗΡΙΞΗΣ-ΑΔΕΙΑ ΚΟΠΗΣ ΔΕΝΤΡΩΝ, ΜΕ ΣΚΟΠΟ ΤΗΝ ΑΝΕΓΕΡΣΗ ΚΤΗΡΙΟΥ ΕΙΔΙΚΗΣ ΑΡΧΙΤΕΚΤΟΝΙΚΗΣ ΣΧΕΔΙΑΣΗΣ ΕΜΠΟΡΙΚΟΥ ΚΕΝΤΡΟΥ, ΓΡΑΦΕΙΩΝ ΚΑΙ ΕΜΠΟΡΙΚΩΝ ΚΑΤΑΣΤΗΜΑΤΩΝ, ΜΕ ΤΡΕΙΣ ΟΡΟΦΟΥΣ, ΤΡΙΑ ΙΣΟΓΕΙΑ ΕΠΙΠΕΔΑ ΚΑΙ ΕΞΙ ΚΛΙΜΑΚΩΤΑ ΥΠΟΓΕΙΑ ΕΠΙΠΕΔΑ ΒΟΗΘΗΤΙΚΩΝ ΧΩΡΩΝ, ΘΕΣΕΩΝ ΣΤΑΘΜΕΥΣΗΣ ΚΑΙ ΗΛΕΚΤΡΟΜΗΧΑΝΟΛΟΓΙΚΩΝ ΕΓΚΑΤΑΣΤΑΣΕΩΝ, ΜΕ ΔΙΑΜΟΡΦΩΣΗ ΠΕΡΙΒΑΛΛΟΝΤΟΣ ΧΩΡΟΥ ΚΑΙ ΚΑΤΑΣΚΕΥΗ ΥΔΑΤΙΝΩΝ ΣΤΟΙΧΕΙΩΝ, ΠΕΡΓΚΟΛΩΝ,
ΣΤΕΓΑΣΤΡΩΝ, ΗΛΙΑΚΩΝ ΑΙΘΡΙΩΝ, ΣΤΟ ΟΙΚΟΠΕΔΟ Α-Π4.17.1 ΤΟΥ Ο.Τ. Α-Π4.17 ΤΟΥ ΜΗΤΡΟΠΟΛΙΤΙΚΟΥ ΠΟΛΟΥ ΕΛΛΗΝΙΚΟΥ- ΑΓΙΟΥ ΚΟΣΜΑ ",2.4.6.1,ΠΡΑΞΕΙΣ ΧΩΡΟΤΑΞΙΚΟΥ - ΠΟΛΕΟΔΟΜΙΚΟΥ ΠΕΡΙΕΧΟΜΕΝΟΥ,99201077,ΤΕΧΝΙΚΟ ΕΠΙΜΕΛΗΤΗΡΙΟ ΕΛΛΑΔΑΣ
96ΡΚ46Ψ842-ΩΗΠ,734863,03/07/2023 14:33:06,03/07/2023 15:47:42,https://diavgeia.gov.gr/doc/96ΡΚ46Ψ842-ΩΗΠ,"Προέγκριση Οικοδομικής Αδείας (ν.4759/2020): Άδεια εκσκαφών και κατασκευής τοιχείων αντιστήριξης - άδεια κοπής δένδρων, στο οικόπεδο Α-Π4.17.2 του Ο.Τ. Α-Π4.17, της περιοχής προς πολεοδόμηση Α-Π4, Τομέας VI, στον Μητροπολιτικό Πόλο Ελληνικού - Αγ. Κοσμά, με σκοπό την “Ανέγερση υψηλού κτηρίου μικτής χρήσης (κατοικία, ξενοδοχείο και γραφεία) 37 ορόφων, ειδικής αρχιτεκτονικής σχεδίασης-τοπόσημο, με 3 υπόγειους ορόφους κυρίων, βοηθητικών χρήσεων και στάθμευσης, έναν ισόγειο όροφο κυρίων χρήσεων σε 2 στάθμες, 4 ορόφους γραφείων, 9 ορόφους ξενοδοχείου, 18 ορόφους κατοικιών, 2 μηχανολογικούς ορόφους και δώμα, με διαμόρφωση περιβάλλοντος χώρου (κατασκευή υδάτινων στοιχείων, περγκολών, ηχοπετασμάτων και στεγάστρων με φωτοβολταϊκά), χρήση των άρθρων 10 και 25 του ΝΟΚ όπως ισχύει”.",2.4.6.1,ΠΡΑΞΕΙΣ ΧΩΡΟΤΑΞΙΚΟΥ - ΠΟΛΕΟΔΟΜΙΚΟΥ ΠΕΡΙΕΧΟΜΕΝΟΥ,99201077,ΤΕΧΝΙΚΟ ΕΠΙΜΕΛΗΤΗΡΙΟ ΕΛΛΑΔΑΣ
ΨΔΕΚ46Ψ842-ΡΦΩ,765073,01/08/2023 14:52:24,01/08/2023 15:02:34,https://diavgeia.gov.gr/doc/ΨΔΕΚ46Ψ842-ΡΦΩ,"Έγκριση Εργασιών Δόμησης Μικρής Κλίμακας: ΔΟΚΙΜΑΣΤΙΚΕΣ ΤΟΜΕΣ ΤΟΥ ΕΔΑΦΟΥΣ ΚΑΙ ΚΟΠΗ ΔΕΝΔΡΩΝ στο ΟΙΚΟΠΕΔΟ 1.4.4.ΤΟΥ ΜΗΤΡΟΠΟΛΙΤΙΚΟΥ ΠΟΛΟΥ
ΕΛΛΗΝΙΚΟΥ-ΑΓΙΟΥ ΚΟΣΜΑ",2.4.6.1,ΠΡΑΞΕΙΣ ΧΩΡΟΤΑΞΙΚΟΥ - ΠΟΛΕΟΔΟΜΙΚΟΥ ΠΕΡΙΕΧΟΜΕΝΟΥ,99201077,ΤΕΧΝΙΚΟ ΕΠΙΜΕΛΗΤΗΡΙΟ ΕΛΛΑΔΑΣ
Ρ73Δ46Ψ842-2ΑΘ,872466,24/11/2023 17:00:30,27/11/2023 14:30:00,https://diavgeia.gov.gr/doc/Ρ73Δ46Ψ842-2ΑΘ,"Προέγκριση για Αναθεώρηση Οικ. Αδείας (ν.4759/2020): COMMERCIAL HUB: Β ΑΝΑΘΕΩΡΗΣΗ ΤΗΣ Α/Α ΠΡΑΞΗΣ 748232/2023 ΟΙΚΟΔΟΜΙΚΗΣ ΑΔΕΙΑΣ ΜΕ ΣΚΟΠΟ ΤΗΝ ΑΝΕΓΕΡΣΗ ΚΤΗΡΙΟΥ ΕΙΔΙΚΗΣ ΑΡΧΙΤΕΚΤΟΝΙΚΗΣ ΣΧΕΔΙΑΣΗΣ ΕΜΠΟΡΙΚΟΥ ΚΕΝΤΡΟΥ, ΓΡΑΦΕΙΩΝ ΚΑΙ ΕΜΠΟΡΙΚΩΝ ΚΑΤΑΣΤΗΜΑΤΩΝ, ΜΕ ΤΡΕΙΣ ΟΡΟΦΟΥΣ, ΤΡΙΑ ΙΣΟΓΕΙΑ ΕΠΙΠΕΔΑ ΚΑΙ ΕΞΙ ΚΛΙΜΑΚΩΤΑ ΥΠΟΓΕΙΑ ΕΠΙΠΕΔΑ ΒΟΗΘΗΤΙΚΩΝ ΧΩΡΩΝ, ΘΕΣΕΩΝ ΣΤΑΘΜΕΥΣΗΣ ΚΑΙ ΗΛΕΚΤΡΟΜΗΧΑΝΟΛΟΓΙΚΩΝ ΕΓΚΑΤΑΣΤΑΣΕΩΝ, ΜΕ ΔΙΑΜΟΡΦΩΣΗ ΠΕΡΙΒΑΛΛΟΝΤΟΣ ΧΩΡΟΥ ΚΑΙ ΚΑΤΑΣΚΕΥΗ ΥΔΑΤΙΝΩΝ ΣΤΟΙΧΕΙΩΝ, ΠΕΡΓΚΟΛΩΝ, ΣΤΕΓΑΣΤΡΩΝ, ΗΛΙΑΚΩΝ ΑΙΘΡΙΩΝ ΚΑΙ ΚΟΠΗ ΔΕΝΤΡΩΝ, ΣΤΟ OIKOΠEΔO A-Π4.17.1 TOY Ο.Τ. Α-Π4.17 ΤΟΥ ΜΗΤΡΟΠΟΛΙΤΙΚΟΥ ΠΟΛΟΥ ΕΛΛΗΝΙΚΟΥ- ΑΓΙΟΥ ΚΟΣΜΑ",2.4.6.1,ΠΡΑΞΕΙΣ ΧΩΡΟΤΑΞΙΚΟΥ - ΠΟΛΕΟΔΟΜΙΚΟΥ ΠΕΡΙΕΧΟΜΕΝΟΥ,99201077,ΤΕΧΝΙΚΟ ΕΠΙΜΕΛΗΤΗΡΙΟ ΕΛΛΑΔΑΣ
678Ξ46Ψ842-ΗΒΦ,878905,30/11/2023 19:54:20,20/12/2023 15:00:01,https://diavgeia.gov.gr/doc/678Ξ46Ψ842-ΗΒΦ,"Αναθεώρηση Οικ. Αδείας ME προέγκριση ή βεβαίωση (ν.4759/2020): COMMERCIAL HUB: Β ΑΝΑΘΕΩΡΗΣΗ ΤΗΣ Α/Α ΠΡΑΞΗΣ 748232/2023 ΟΙΚΟΔΟΜΙΚΗΣ ΑΔΕΙΑΣ ΜΕ ΣΚΟΠΟ ΤΗΝ ΑΝΕΓΕΡΣΗ ΚΤΗΡΙΟΥ ΕΙΔΙΚΗΣ ΑΡΧΙΤΕΚΤΟΝΙΚΗΣ ΣΧΕΔΙΑΣΗΣ ΕΜΠΟΡΙΚΟΥ ΚΕΝΤΡΟΥ, ΓΡΑΦΕΙΩΝ ΚΑΙ ΕΜΠΟΡΙΚΩΝ ΚΑΤΑΣΤΗΜΑΤΩΝ, ΜΕ ΤΡΕΙΣ ΟΡΟΦΟΥΣ, ΤΡΙΑ ΙΣΟΓΕΙΑ ΕΠΙΠΕΔΑ ΚΑΙ ΕΞΙ ΚΛΙΜΑΚΩΤΑ ΥΠΟΓΕΙΑ ΕΠΙΠΕΔΑ ΒΟΗΘΗΤΙΚΩΝ ΧΩΡΩΝ, ΘΕΣΕΩΝ ΣΤΑΘΜΕΥΣΗΣ ΚΑΙ ΗΛΕΚΤΡΟΜΗΧΑΝΟΛΟΓΙΚΩΝ ΕΓΚΑΤΑΣΤΑΣΕΩΝ, ΜΕ ΔΙΑΜΟΡΦΩΣΗ ΠΕΡΙΒΑΛΛΟΝΤΟΣ ΧΩΡΟΥ ΚΑΙ ΚΑΤΑΣΚΕΥΗ ΥΔΑΤΙΝΩΝ ΣΤΟΙΧΕΙΩΝ, ΠΕΡΓΚΟΛΩΝ, ΣΤΕΓΑΣΤΡΩΝ, ΗΛΙΑΚΩΝ ΑΙΘΡΙΩΝ ΚΑΙ ΚΟΠΗ ΔΕΝΤΡΩΝ, ΣΤΟ OIKOΠEΔO A-Π4.17.1 TOY Ο.Τ. Α-Π4.17 ΤΟΥ ΜΗΤΡΟΠΟΛΙΤΙΚΟΥ ΠΟΛΟΥ ΕΛΛΗΝΙΚΟΥ- ΑΓΙΟΥ ΚΟΣΜΑ",2.4.6.1,ΠΡΑΞΕΙΣ ΧΩΡΟΤΑΞΙΚΟΥ - ΠΟΛΕΟΔΟΜΙΚΟΥ ΠΕΡΙΕΧΟΜΕΝΟΥ,99201077,ΤΕΧΝΙΚΟ ΕΠΙΜΕΛΗΤΗΡΙΟ ΕΛΛΑΔΑΣ
ΨΣΖΞ46Ψ842-86Ω,878905,30/11/2023 19:54:20,01/12/2023 11:22:47,https://diavgeia.gov.gr/doc/ΨΣΖΞ46Ψ842-86Ω,"Αναθεώρηση Οικ. Αδείας ME προέγκριση ή βεβαίωση (ν.4759/2020): COMMERCIAL HUB: Β ΑΝΑΘΕΩΡΗΣΗ ΤΗΣ Α/Α ΠΡΑΞΗΣ 748232/2023 ΟΙΚΟΔΟΜΙΚΗΣ ΑΔΕΙΑΣ ΜΕ ΣΚΟΠΟ ΤΗΝ ΑΝΕΓΕΡΣΗ ΚΤΗΡΙΟΥ ΕΙΔΙΚΗΣ ΑΡΧΙΤΕΚΤΟΝΙΚΗΣ ΣΧΕΔΙΑΣΗΣ ΕΜΠΟΡΙΚΟΥ ΚΕΝΤΡΟΥ, ΓΡΑΦΕΙΩΝ ΚΑΙ ΕΜΠΟΡΙΚΩΝ ΚΑΤΑΣΤΗΜΑΤΩΝ, ΜΕ ΤΡΕΙΣ ΟΡΟΦΟΥΣ, ΤΡΙΑ ΙΣΟΓΕΙΑ ΕΠΙΠΕΔΑ ΚΑΙ ΕΞΙ ΚΛΙΜΑΚΩΤΑ ΥΠΟΓΕΙΑ ΕΠΙΠΕΔΑ ΒΟΗΘΗΤΙΚΩΝ ΧΩΡΩΝ, ΘΕΣΕΩΝ ΣΤΑΘΜΕΥΣΗΣ ΚΑΙ ΗΛΕΚΤΡΟΜΗΧΑΝΟΛΟΓΙΚΩΝ ΕΓΚΑΤΑΣΤΑΣΕΩΝ, ΜΕ ΔΙΑΜΟΡΦΩΣΗ ΠΕΡΙΒΑΛΛΟΝΤΟΣ ΧΩΡΟΥ ΚΑΙ ΚΑΤΑΣΚΕΥΗ ΥΔΑΤΙΝΩΝ ΣΤΟΙΧΕΙΩΝ, ΠΕΡΓΚΟΛΩΝ, ΣΤΕΓΑΣΤΡΩΝ, ΗΛΙΑΚΩΝ ΑΙΘΡΙΩΝ ΚΑΙ ΚΟΠΗ ΔΕΝΤΡΩΝ, ΣΤΟ OIKOΠEΔO A-Π4.17.1 TOY Ο.Τ. Α-Π4.17 ΤΟΥ ΜΗΤΡΟΠΟΛΙΤΙΚΟΥ ΠΟΛΟΥ ΕΛΛΗΝΙΚΟΥ- ΑΓΙΟΥ ΚΟΣΜΑ",2.4.6.1,ΠΡΑΞΕΙΣ ΧΩΡΟΤΑΞΙΚΟΥ - ΠΟΛΕΟΔΟΜΙΚΟΥ ΠΕΡΙΕΧΟΜΕΝΟΥ,99201077,ΤΕΧΝΙΚΟ ΕΠΙΜΕΛΗΤΗΡΙΟ ΕΛΛΑΔΑΣ
Ρ3ΦΛ46Ψ842-ΩΛΞ,1077904,05/06/2024 15:54:07,05/06/2024 15:57:54,https://diavgeia.gov.gr/doc/Ρ3ΦΛ46Ψ842-ΩΛΞ,"Έγκριση Εργασιών Δόμησης Μικρής Κλίμακας:  Έγκριση εργασιών δόμησης μικρής κλίμακας για την εκτέλεση εργασιών για γεωτεχνικές έρευνες σύμφωνα με τον ΕΑΚ 2003 (παρ.2.α, άρθρο 29 του Ν.4495/2017 όπως τροποποιήθηκε και ισχύει) στο οικοδομικό τετράγωνο Α-Π1.9 του Μητροπολιτικού Πόλου Ελληνικού – Αγ. Κοσμά"".",2.4.6.1,ΠΡΑΞΕΙΣ ΧΩΡΟΤΑΞΙΚΟΥ - ΠΟΛΕΟΔΟΜΙΚΟΥ ΠΕΡΙΕΧΟΜΕΝΟΥ,99201077,ΤΕΧΝΙΚΟ ΕΠΙΜΕΛΗΤΗΡΙΟ ΕΛΛΑΔΑΣ
ΨΩ5746Ψ842-0Λ6,1094974,19/06/2024 18:10:14,20/06/2024 07:56:19,https://diavgeia.gov.gr/doc/ΨΩ5746Ψ842-0Λ6,"Αναθεώρηση Έγκρισης Εργασιών Δόμησης Μικρής Κλίμακας: ΑΝΑΘΕΩΡΗΣΗ ΤΗΣ ΑΠΟ  29.06.2023 ΥΠ'ΑΡΙΘΜΟΝ 732093 ΠΡΑΞΗΣ ΕΓΚΡΙΣΗΣ ΕΡΓΑΣΙΩΝ ΔΟΜΗΣΗΣ ΜΙΚΡΗΣ ΚΛΙΜΑΚΑΣ ΜΕ ΘΕΜΑ ΔΟΚΙΜΑΣΤΙΚΕΣ ΤΟΜΕΣ ΤΟΥ ΕΔΑΦΟΥΣ ΚΑΙ ΚΟΠΗ ΔΕΝΔΡΩΝ, ΣΤΟ ΟΙΚΟΠΕΔΟ 1.2.2, ΤΟΥ ΜΗΤΡΟΠΟΛΙΤΙΚΟΥ ΠΟΛΟΥ  ΕΛΛΗΝΙΚΟΥ- ΑΓΙΟΥ ΚΟΣΜΑ",2.4.6.1,ΠΡΑΞΕΙΣ ΧΩΡΟΤΑΞΙΚΟΥ - ΠΟΛΕΟΔΟΜΙΚΟΥ ΠΕΡΙΕΧΟΜΕΝΟΥ,99201077,ΤΕΧΝΙΚΟ ΕΠΙΜΕΛΗΤΗΡΙΟ ΕΛΛΑΔΑΣ
9ΣΑΨ46Ψ842-ΜΙΙ,1091661,17/06/2024 18:47:56,18/06/2024 14:00:36,https://diavgeia.gov.gr/doc/9ΣΑΨ46Ψ842-ΜΙΙ,"Αναθεώρηση Έγκρισης Εργασιών Δόμησης Μικρής Κλίμακας:  Έγκριση εργασιών δόμησης μικρής κλίμακας για την εκτέλεση εργασιών για γεωτεχνικές έρευνες σύμφωνα με τον ΕΑΚ 2003 (παρ.2.α, άρθρο 29 του Ν.4495/2017 όπως τροποποιήθηκε και ισχύει) στο οικοδομικό τετράγωνο Α-Π1.9 του Μητροπολιτικού Πόλου Ελληνικού – Αγ. Κοσμά"".",2.4.6.1,ΠΡΑΞΕΙΣ ΧΩΡΟΤΑΞΙΚΟΥ - ΠΟΛΕΟΔΟΜΙΚΟΥ ΠΕΡΙΕΧΟΜΕΝΟΥ,99201077,ΤΕΧΝΙΚΟ ΕΠΙΜΕΛΗΤΗΡΙΟ ΕΛΛΑΔΑΣ
69ΨΗ46Ψ842-ΣΡΝ,1039998,26/04/2024 15:30:39,26/04/2024 15:36:05,https://diavgeia.gov.gr/doc/69ΨΗ46Ψ842-ΣΡΝ,"Αναθεώρηση Έγκρισης Εργασιών Δόμησης Μικρής Κλίμακας: ΑΝΑΘΕΩΡΗΣΗ ΤΗΣ ΑΠΟ 02.06.2023 ΥΠ'ΑΡΙΘΜΟΝ 705009 ΠΡΑΞΗΣ ΕΓΚΡΙΣΗΣ ΕΡΓΑΣΙΩΝ ΔΟΜΗΣΗΣ ΜΙΚΡΗΣ ΚΛΙΜΑΚΑΣ ΜΕ ΘΕΜΑ ΔΟΚΙΜΑΣΤΙΚΕΣ ΤΟΜΕΣ ΤΟΥ ΕΔΑΦΟΥΣ ΚΑΙ ΚΟΠΗ ΔΕΝΔΡΩΝ, ΣΤΟ ΟΙΚΟΠΕΔΟ ΜΕ ΚΩΔΙΚΟ 1.3.3 ΤΟΥ ΜΗΤΡΟΠΟΛΙΤΙΚΟΥ ΠΟΛΟΥ
ΕΛΛΗΝΙΚΟΥ – ΑΓΙΟΥ ΚΟΣΜΑ",2.4.6.1,ΠΡΑΞΕΙΣ ΧΩΡΟΤΑΞΙΚΟΥ - ΠΟΛΕΟΔΟΜΙΚΟΥ ΠΕΡΙΕΧΟΜΕΝΟΥ,99201077,ΤΕΧΝΙΚΟ ΕΠΙΜΕΛΗΤΗΡΙΟ ΕΛΛΑΔΑΣ
Ψ0Λ646Ψ842-196,913208,09/01/2024 14:45:21,09/01/2024 14:48:38,https://diavgeia.gov.gr/doc/Ψ0Λ646Ψ842-196,"Οικοδομική Άδεια (ν.4759/2020): ΕΣΩΤΕΡΙΚΕΣ ΔΙΑΡΡΥΘΜΙΣΕΙΣ, ΔΙΑΜΟΡΦΩΣΗ ΟΨΕΩΝ ΚΑΙ ΑΛΛΑΓΗ ΧΡΗΣΗΣ ΔΙΑΤΗΡΟΥΜΕΝΟΥ ΚΤΗΡΙΟΥ ΤΗΣ ΚΤΗΡΙΑΚΗΣ ΕΝΟΤΗΤΑΣ Β6 ΤΟΥ ΜΗΤΡΟΠΟΛΙΤΙΚΟΥ ΠΑΡΚΟΥ ΠΡΑΣΙΝΟΥ ΚΑΙ ΑΝΑΨΥΧΗΣ ΤΟΥ ΜΗΤΡΟΠΟΛΙΤΙΚΟΥ ΠΟΛΟΥ ΕΛΛΗΝΙΚΟΥ - ΑΓ. ΚΟΣΜΑ (ΠΡΩΗΝ ΚΤΗΡΙΟΥ ΚΑΝΟΕ-ΚΑΓΙΑΚ)",2.4.6.1,ΠΡΑΞΕΙΣ ΧΩΡΟΤΑΞΙΚΟΥ - ΠΟΛΕΟΔΟΜΙΚΟΥ ΠΕΡΙΕΧΟΜΕΝΟΥ,99201077,ΤΕΧΝΙΚΟ ΕΠΙΜΕΛΗΤΗΡΙΟ ΕΛΛΑΔΑΣ
ΨΝ5Κ46Ψ842-ΠΟΟ,1123901,16/07/2024 15:30:37,16/07/2024 15:40:45,https://diavgeia.gov.gr/doc/ΨΝ5Κ46Ψ842-ΠΟΟ,Έγκριση Εργασιών Δόμησης Μικρής Κλίμακας: ΈΓΚΡΙΣΗ ΕΡΓΑΣΙΩΝ ΔΟΜΗΣΗΣ ΜΙΚΡΗΣ ΚΛΙΜΑΚΑΣ ΓΙΑ ΤΟΠΟΘΕΤΗΣΗ ΤΕΣΣΑΡΩΝ ΕΡΓΟΤΑΞΙΑΚΩΝ ΟΙΚΙΣΚΩΝ ΣΤΗΝ ΠΕΡΙΟΧΗ ΠΡΟΣ ΠΟΛΕΟΔΟΜΗΣΗ Α-Π2/17 ΤΟΥ ΜΗΤΡΟΠΟΛΙΤΙΚΟΥ ΠΟΛΟΥ ΕΛΛΗΝΙΚΟΥ-ΑΓΙΟΥ ΚΟΣΜΑ,2.4.6.1,ΠΡΑΞΕΙΣ ΧΩΡΟΤΑΞΙΚΟΥ - ΠΟΛΕΟΔΟΜΙΚΟΥ ΠΕΡΙΕΧΟΜΕΝΟΥ,99201077,ΤΕΧΝΙΚΟ ΕΠΙΜΕΛΗΤΗΡΙΟ ΕΛΛΑΔΑΣ
ΕΠΚΟ46Ψ842-ΠΩΓ,1120476,12/07/2024 17:10:44,15/07/2024 16:38:27,https://diavgeia.gov.gr/doc/ΕΠΚΟ46Ψ842-ΠΩΓ,"Έγκριση Εργασιών Δόμησης Μικρής Κλίμακας: «ΕΚΤΕΛΕΣΗ ΓΕΩΤΕΧΝΙΚΩΝ ΕΡΕΥΝΩΝ, ΓΕΩΤΕΧΝΙΚΗ ΑΞΙΟΛΟΓΗΣΗ ΚΑΙ ΓΕΩΤΕΧΝΙΚΕΣ ΜΕΛΕΤΕΣ ΘΕΜΕΛΙΩΣΗΣ ΣΤΟ ΧΕΡΣΑΙΟ ΤΜΗΜΑ ΤΟΥ ΜΗΤΡΟΠΟΛΙΤΙΚΟΥ ΠΟΛΟΥ ΕΛΛΗΝΙΚΟΥ – ΑΓ. ΚΟΣΜΑ ΣΤΟ ΟΙΚΟΠΕΔΟ ΑΠ-4.16 »",2.4.6.1,ΠΡΑΞΕΙΣ ΧΩΡΟΤΑΞΙΚΟΥ - ΠΟΛΕΟΔΟΜΙΚΟΥ ΠΕΡΙΕΧΟΜΕΝΟΥ,99201077,ΤΕΧΝΙΚΟ ΕΠΙΜΕΛΗΤΗΡΙΟ ΕΛΛΑΔΑΣ
68ΞΔ46Ψ842-ΘΤΠ,1120482,12/07/2024 17:21:32,15/07/2024 16:59:47,https://diavgeia.gov.gr/doc/68ΞΔ46Ψ842-ΘΤΠ,"Έγκριση Εργασιών Δόμησης Μικρής Κλίμακας: «ΕΚΤΕΛΕΣΗ ΓΕΩΤΕΧΝΙΚΩΝ ΕΡΕΥΝΩΝ, ΓΕΩΤΕΧΝΙΚΗ ΑΞΙΟΛΟΓΗΣΗ ΚΑΙ ΓΕΩΤΕΧΝΙΚΕΣ ΜΕΛΕΤΕΣ ΘΕΜΕΛΙΩΣΗΣ ΣΤΟ ΧΕΡΣΑΙΟ ΤΜΗΜΑ ΤΟΥ ΜΗΤΡΟΠΟΛΙΤΙΚΟΥ ΠΟΛΟΥ ΕΛΛΗΝΙΚΟΥ – ΑΓ. ΚΟΣΜΑ ΣΤΟ ΟΙΚΟΠΕΔΟ ΑΠ-4.15»",2.4.6.1,ΠΡΑΞΕΙΣ ΧΩΡΟΤΑΞΙΚΟΥ - ΠΟΛΕΟΔΟΜΙΚΟΥ ΠΕΡΙΕΧΟΜΕΝΟΥ,99201077,ΤΕΧΝΙΚΟ ΕΠΙΜΕΛΗΤΗΡΙΟ ΕΛΛΑΔΑΣ
ΨΙΒ846Ψ842-ΤΓ0,1160412,28/08/2024 17:57:04,28/08/2024 21:03:33,https://diavgeia.gov.gr/doc/ΨΙΒ846Ψ842-ΤΓ0,"Έγκριση Εργασιών Δόμησης Μικρής Κλίμακας: Έγκριση εργασιών δόμησης μικρής κλίμακας για την εκτέλεση εργασιών για γεωτεχνικές έρευνες σύμφωνα με τον ΕΑΚ 2003 (παρ.2.α, άρθρο 29 του Ν.4495/2017 όπως τροποποιήθηκε και ισχύει) στο οικοδομικό τετράγωνο Α-Π6.8 του Μητροπολιτικού Πόλου Ελληνικού – Αγ. Κοσμά"".",2.4.6.1,ΠΡΑΞΕΙΣ ΧΩΡΟΤΑΞΙΚΟΥ - ΠΟΛΕΟΔΟΜΙΚΟΥ ΠΕΡΙΕΧΟΜΕΝΟΥ,99201077,ΤΕΧΝΙΚΟ ΕΠΙΜΕΛΗΤΗΡΙΟ ΕΛΛΑΔΑΣ
ΡΙΣΠ46Ψ842-5ΓΧ,1105625,01/07/2024 12:15:40,01/07/2024 16:36:38,https://diavgeia.gov.gr/doc/ΡΙΣΠ46Ψ842-5ΓΧ,"Αναθεώρηση Έγκρισης Εργασιών Δόμησης Μικρής Κλίμακας: ΕΠΕΚΑΤΑΣΗ ΤΟΥ ΧΡΟΝΟΥ ΙΣΧΥΟΣ ΚΑΙ  ΑΝΑΘΕΩΡΗΣΗ ΤΗΣ ΑΠΟ 30.06.2023 ΥΠ'ΑΡΙΘΜΟΝ 733203 ΠΡΑΞΗΣ ΕΓΚΡΙΣΗΣ ΕΡΓΑΣΙΩΝ ΔΟΜΗΣΗΣ ΜΙΚΡΗΣ ΚΛΙΜΑΚΑΣ ΜΕ ΘΕΜΑ 
ΔΟΚΙΜΑΣΤΙΚΕΣ ΤΟΜΕΣ ΤΟΥ ΕΔΑΦΟΥΣ ΚΑΙ ΚΟΠΗ ΔΕΝΔΡΩΝ ΣΤΟ ΟΙΚΟΠΕΔΟ 1.3.1 ΤΟΥ ΜΗΤΡΟΠΟΛΙΤΙΚΟΥ ΠΟΛΟΥ ΕΛΛΗΝΙΚΟΥ-ΑΓΙΟΥ ΚΟΣΜΑ.",2.4.6.1,ΠΡΑΞΕΙΣ ΧΩΡΟΤΑΞΙΚΟΥ - ΠΟΛΕΟΔΟΜΙΚΟΥ ΠΕΡΙΕΧΟΜΕΝΟΥ,99201077,ΤΕΧΝΙΚΟ ΕΠΙΜΕΛΗΤΗΡΙΟ ΕΛΛΑΔΑΣ
Ψ8ΥΥ46Ψ842-Μ2Χ,1105625,01/07/2024 12:15:40,01/07/2024 16:36:39,https://diavgeia.gov.gr/doc/Ψ8ΥΥ46Ψ842-Μ2Χ,"Αναθεώρηση Έγκρισης Εργασιών Δόμησης Μικρής Κλίμακας: ΕΠΕΚΑΤΑΣΗ ΤΟΥ ΧΡΟΝΟΥ ΙΣΧΥΟΣ ΚΑΙ  ΑΝΑΘΕΩΡΗΣΗ ΤΗΣ ΑΠΟ 30.06.2023 ΥΠ'ΑΡΙΘΜΟΝ 733203 ΠΡΑΞΗΣ ΕΓΚΡΙΣΗΣ ΕΡΓΑΣΙΩΝ ΔΟΜΗΣΗΣ ΜΙΚΡΗΣ ΚΛΙΜΑΚΑΣ ΜΕ ΘΕΜΑ 
ΔΟΚΙΜΑΣΤΙΚΕΣ ΤΟΜΕΣ ΤΟΥ ΕΔΑΦΟΥΣ ΚΑΙ ΚΟΠΗ ΔΕΝΔΡΩΝ ΣΤΟ ΟΙΚΟΠΕΔΟ 1.3.1 ΤΟΥ ΜΗΤΡΟΠΟΛΙΤΙΚΟΥ ΠΟΛΟΥ ΕΛΛΗΝΙΚΟΥ-ΑΓΙΟΥ ΚΟΣΜΑ.",2.4.6.1,ΠΡΑΞΕΙΣ ΧΩΡΟΤΑΞΙΚΟΥ - ΠΟΛΕΟΔΟΜΙΚΟΥ ΠΕΡΙΕΧΟΜΕΝΟΥ,99201077,ΤΕΧΝΙΚΟ ΕΠΙΜΕΛΗΤΗΡΙΟ ΕΛΛΑΔΑΣ
ΨΩΙ846Ψ842-7Χ3,1132062,23/07/2024 16:27:51,23/07/2024 21:03:52,https://diavgeia.gov.gr/doc/ΨΩΙ846Ψ842-7Χ3,"Αναθεώρηση Έγκρισης Εργασιών Δόμησης Μικρής Κλίμακας: ΕΠΕΚΤΑΣΗ ΤΟΥ ΧΡΟΝΟΥ ΙΣΧΥΟΣ  ΚΑΙ  ΑΝΑΘΕΩΡΗΣΗ ΤΗΣ ΑΠΟ 24.07.2023 ΥΠ’ΑΡΙΘΜΟΝ  756254  ΠΡΑΞΗΣ ΕΓΚΡΙΣΗΣ ΕΡΓΑΣΙΩΝ ΔΟΜΗΣΗΣ ΜΙΚΡΗΣ ΚΛΙΜΑΚΑΣ ΜΕ ΘΕΜΑ "" ΔΟΚΙΜΑΣΤΙΚΕΣ ΤΟΜΕΣ ΤΟΥ ΕΔΑΦΟΥΣ ΚΑΙ ΚΟΠΗ ΔΕΝΔΡΩΝ, ΣΤΟ ΟΙΚΟΠΕΔΟ 2.6.2,ΤΟΥ ΜΗΤΡΟΠΟΛΙΤΙΚΟΥ ΠΟΛΟΥ ΕΛΛΗΝΙΚΟΥ-ΑΓΙΟΥ ΚΟΣΜΑ""",2.4.6.1,ΠΡΑΞΕΙΣ ΧΩΡΟΤΑΞΙΚΟΥ - ΠΟΛΕΟΔΟΜΙΚΟΥ ΠΕΡΙΕΧΟΜΕΝΟΥ,99201077,ΤΕΧΝΙΚΟ ΕΠΙΜΕΛΗΤΗΡΙΟ ΕΛΛΑΔΑΣ
6ΓΩΑ46Ψ842-3Κ7,1134728,25/07/2024 13:31:39,25/07/2024 15:04:40,https://diavgeia.gov.gr/doc/6ΓΩΑ46Ψ842-3Κ7,Αναθεώρηση Έγκρισης Εργασιών Δόμησης Μικρής Κλίμακας: ΑΝΑΘΕΩΡΗΣΗ  ΤΗΣ ΑΠΟ 03.08.2023 ΥΠ'ΑΡΙΘΜΟΝ  767486 ΠΡΑΞΗΣ ΕΓΚΡΙΣΗΣ ΕΡΓΑΣΙΩΝ ΔΟΜΗΣΗΣ ΜΙΚΡΗΣ ΚΛΙΜΑΚΑΣ ΜΕ ΘΕΜΑ  ΔΟΚΙΜΑΣΤΙΚΕΣ ΤΟΜΕΣ ΤΟΥ ΕΔΑΦΟΥΣ ΚΑΙ ΚΟΠΗ ΔΕΝΔΡΩΝ ΣΤΟ ΟΙΚΟΠΕΔΟ 2.5.3 ΤΟΥ ΜΗΤΡΟΠΟΛΙΤΙΚΟΥ ΠΟΛΟΥ ΕΛΛΗΝΙΚΟΥ-ΑΓΙΟΥ ΚΟΣΜΑ,2.4.6.1,ΠΡΑΞΕΙΣ ΧΩΡΟΤΑΞΙΚΟΥ - ΠΟΛΕΟΔΟΜΙΚΟΥ ΠΕΡΙΕΧΟΜΕΝΟΥ,99201077,ΤΕΧΝΙΚΟ ΕΠΙΜΕΛΗΤΗΡΙΟ ΕΛΛΑΔΑΣ
61Γ846Ψ842-5ΑΠ,1158040,26/08/2024 11:39:21,26/08/2024 12:41:42,https://diavgeia.gov.gr/doc/61Γ846Ψ842-5ΑΠ,Αναθεώρηση Έγκρισης Εργασιών Δόμησης Μικρής Κλίμακας: ΕΠΕΚΤΑΣΗ ΤΟΥ ΧΡΟΝΟΥ ΙΣΧΥΟΣ ΚΑΙ  ΑΝΑΘΕΩΡΗΣΗ ΤΗΣ ΑΠΟ 01.08.2023 ΥΠ’ΑΡΙΘΜΟΝ  765073  ΠΡΑΞΗΣ ΕΓΚΡΙΣΗΣ ΕΡΓΑΣΙΩΝ ΔΟΜΗΣΗΣ ΜΙΚΡΗΣ ΚΛΙΜΑΚΑΣ ΜΕ ΘΕΜΑ «ΔΟΚΙΜΑΣΤΙΚΕΣ ΤΟΜΕΣ ΤΟΥ ΕΔΑΦΟΥΣ ΚΑΙ ΚΟΠΗ ΔΕΝΤΡΩΝ ΣΤΟ ΟΙΚOΠΕΔΟ  1.4.4 ΤΟΥ ΜΗΤΡΟΠΟΛΙΤΙΚΟΥ ΠΟΛΟΥ ΕΛΛΗΝΙΚΟΥ – ΑΓΙΟΥ ΚΟΣΜΑ».  ,2.4.6.1,ΠΡΑΞΕΙΣ ΧΩΡΟΤΑΞΙΚΟΥ - ΠΟΛΕΟΔΟΜΙΚΟΥ ΠΕΡΙΕΧΟΜΕΝΟΥ,99201077,ΤΕΧΝΙΚΟ ΕΠΙΜΕΛΗΤΗΡΙΟ ΕΛΛΑΔΑΣ
6ΚΥΞ46Ψ842-ΤΤΩ,1380297,20/03/2025 16:59:19,21/03/2025 11:35:13,https://diavgeia.gov.gr/doc/6ΚΥΞ46Ψ842-ΤΤΩ,"Έγκριση Εργασιών Δόμησης Μικρής Κλίμακας: Έγκριση εργασιών δόμησης μικρής κλίμακας για την εκτέλεση εργασιών για γεωτεχνικές έρευνες σύμφωνα με τον ΕΑΚ 2003 (παρ.2.α, άρθρο 29 του Ν.4495/2017 όπως τροποποιήθηκε και ισχύει) στο οικοδομικό τετράγωνο Α-Π3.8 του Μητροπολιτικού Πόλου Ελληνικού – Αγ. Κοσμά"".",2.4.6.1,ΠΡΑΞΕΙΣ ΧΩΡΟΤΑΞΙΚΟΥ - ΠΟΛΕΟΔΟΜΙΚΟΥ ΠΕΡΙΕΧΟΜΕΝΟΥ,99201077,ΤΕΧΝΙΚΟ ΕΠΙΜΕΛΗΤΗΡΙΟ ΕΛΛΑΔΑΣ
6Υ6Ο46Ψ842-ΒΤΞ,1414128,24/04/2025 12:40:36,24/04/2025 15:25:21,https://diavgeia.gov.gr/doc/6Υ6Ο46Ψ842-ΒΤΞ,Αναθεώρηση Έγκρισης Εργασιών Δόμησης Μικρής Κλίμακας: AΝΑΘΕΩΡΗΣΗ ΤΗΣ ΥΠ’ ΑΡΙΘΜ. 1123901/2024 ΈΓΚΡΙΣΗΣ ΕΡΓΑΣΙΩΝ ΔΟΜΗΣΗΣ ΜΙΚΡΗΣ ΚΛΙΜΑΚΑΣ ΓΙΑ ΜΙΚΡΗ ΤΡΟΠΟΠΟΙΗΣΗ ΣΤΗΝ ΤΟΠΟΘΕΤΗΣΗ ΤΩΝ ΤΕΣΣΑΡΩΝ ΕΡΓΟΤΑΞΙΑΚΩΝ ΟΙΚΙΣΚΩΝ ΣΥΜΦΩΝΑ ΜΕ ΤΟ ΆΡΘΡΟ 29 (παρ. 2 περ. ι) του Ν. 4495/2017  ΣΤΟ Ο.Τ.  Α-Π2/17 ΤΟΥ ΜΗΤΡΟΠΟΛΙΤΙΚΟΥ ΠΟΛΟΥ ΕΛΛΗΝΙΚΟΥ - ΑΓΙΟΥ ΚΟΣΜΑ ΚΑΙ ΑΛΛΑΓΗ ΕΠΙΒΛΕΠΟΝΤΟΣ ΜΗΧΑΝΙΚΟΥ,2.4.6.1,ΠΡΑΞΕΙΣ ΧΩΡΟΤΑΞΙΚΟΥ - ΠΟΛΕΟΔΟΜΙΚΟΥ ΠΕΡΙΕΧΟΜΕΝΟΥ,99201077,ΤΕΧΝΙΚΟ ΕΠΙΜΕΛΗΤΗΡΙΟ ΕΛΛΑΔΑΣ
ΡΛ7Α46Ψ842-Ε1Ξ,1414128,24/04/2025 12:40:36,24/04/2025 15:25:10,https://diavgeia.gov.gr/doc/ΡΛ7Α46Ψ842-Ε1Ξ,Αναθεώρηση Έγκρισης Εργασιών Δόμησης Μικρής Κλίμακας: AΝΑΘΕΩΡΗΣΗ ΤΗΣ ΥΠ’ ΑΡΙΘΜ. 1123901/2024 ΈΓΚΡΙΣΗΣ ΕΡΓΑΣΙΩΝ ΔΟΜΗΣΗΣ ΜΙΚΡΗΣ ΚΛΙΜΑΚΑΣ ΓΙΑ ΜΙΚΡΗ ΤΡΟΠΟΠΟΙΗΣΗ ΣΤΗΝ ΤΟΠΟΘΕΤΗΣΗ ΤΩΝ ΤΕΣΣΑΡΩΝ ΕΡΓΟΤΑΞΙΑΚΩΝ ΟΙΚΙΣΚΩΝ ΣΥΜΦΩΝΑ ΜΕ ΤΟ ΆΡΘΡΟ 29 (παρ. 2 περ. ι) του Ν. 4495/2017  ΣΤΟ Ο.Τ.  Α-Π2/17 ΤΟΥ ΜΗΤΡΟΠΟΛΙΤΙΚΟΥ ΠΟΛΟΥ ΕΛΛΗΝΙΚΟΥ - ΑΓΙΟΥ ΚΟΣΜΑ ΚΑΙ ΑΛΛΑΓΗ ΕΠΙΒΛΕΠΟΝΤΟΣ ΜΗΧΑΝΙΚΟΥ,2.4.6.1,ΠΡΑΞΕΙΣ ΧΩΡΟΤΑΞΙΚΟΥ - ΠΟΛΕΟΔΟΜΙΚΟΥ ΠΕΡΙΕΧΟΜΕΝΟΥ,99201077,ΤΕΧΝΙΚΟ ΕΠΙΜΕΛΗΤΗΡΙΟ ΕΛΛΑΔΑΣ
61ΔΣ46Ψ842-ΖΓΕ,1307318,13/01/2025 18:27:18,14/01/2025 08:42:27,https://diavgeia.gov.gr/doc/61ΔΣ46Ψ842-ΖΓΕ,"Έγκριση Εργασιών Δόμησης Μικρής Κλίμακας:  «ΕΓΚΡΙΣΗ ΕΡΓΑΣΙΩΝ ΔΟΜΗΣΗΣ ΜΙΚΡΗΣ ΚΛΙΜΑΚΑΣ (ΕΕΔΜΚ) ΓΙΑ ΔΟΚΙΜΑΣΤΙΚΕΣ ΤΟΜΕΣ ΤΟΥ ΕΔΑΦΟΥΣ ΚΑΙ ΚΟΠΗ 2 ΔΕΝΔΡΩΝ, ΣΤΟ Ο.T. Α–Π4.16 ΣΤΗΝ ΠΕΡΙΟΧΗ ΠΟΛΕΟΔΟΜΗΣΗΣ Α-Π4 «ΓΕΙΤΟΝΙΑ ΕΠΙΧΕΙΡΗΜΑΤΙΚΟΥ ΚΕΝΤΡΟΥ ΛΕΩΦΟΡΟΥ ΒΟΥΛΙΑΓΜΕΝΗΣ» ΤΟΥ ΜΗΤΡΟΠΟΛΙΤΙΚΟΥ ΠΟΛΟΥ ΕΛΛΗΝΙΚΟΥ-ΑΓΙΟΥ ΚΟΣΜΑ»
",2.4.6.1,ΠΡΑΞΕΙΣ ΧΩΡΟΤΑΞΙΚΟΥ - ΠΟΛΕΟΔΟΜΙΚΟΥ ΠΕΡΙΕΧΟΜΕΝΟΥ,99201077,ΤΕΧΝΙΚΟ ΕΠΙΜΕΛΗΤΗΡΙΟ ΕΛΛΑΔΑΣ
628Ζ46Ψ842-5Υ4,1307320,13/01/2025 18:27:38,14/01/2025 08:42:16,https://diavgeia.gov.gr/doc/628Ζ46Ψ842-5Υ4,"Έγκριση Εργασιών Δόμησης Μικρής Κλίμακας: «ΕΓΚΡΙΣΗ ΕΡΓΑΣΙΩΝ ΔΟΜΗΣΗΣ ΜΙΚΡΗΣ ΚΛΙΜΑΚΑΣ ΔΟΚΙΜΑΣΤΙΚΕΣ ΤΟΜΕΣ ΤΟΥ ΕΔΑΦΟΥΣ ΚΑΙ ΚΟΠΗ 38 ΔΕΝΔΡΩΝ, ΣΤΟ Ο.T. Α–Π4.15 ΣΤΗΝ ΠΕΡΙΟΧΗ ΠΟΛΕΟΔΟΜΗΣΗΣ Α-Π4 «ΓΕΙΤΟΝΙΑ ΕΠΙΧΕΙΡΗΜΑΤΙΚΟΥ ΚΕΝΤΡΟΥ ΛΕΩΦΟΡΟΥ ΒΟΥΛΙΑΓΜΕΝΗΣ» ΤΟΥ ΜΗΤΡΟΠΟΛΙΤΙΚΟΥ ΠΟΛΟΥ ΕΛΛΗΝΙΚΟΥ-ΑΓΙΟΥ ΚΟΣΜΑ»",2.4.6.1,ΠΡΑΞΕΙΣ ΧΩΡΟΤΑΞΙΚΟΥ - ΠΟΛΕΟΔΟΜΙΚΟΥ ΠΕΡΙΕΧΟΜΕΝΟΥ,99201077,ΤΕΧΝΙΚΟ ΕΠΙΜΕΛΗΤΗΡΙΟ ΕΛΛΑΔΑΣ
Ψ8ΧΚ46Ψ842-ΜΔΩ,1307318,13/01/2025 18:27:18,14/01/2025 08:42:18,https://diavgeia.gov.gr/doc/Ψ8ΧΚ46Ψ842-ΜΔΩ,"Έγκριση Εργασιών Δόμησης Μικρής Κλίμακας:  «ΕΓΚΡΙΣΗ ΕΡΓΑΣΙΩΝ ΔΟΜΗΣΗΣ ΜΙΚΡΗΣ ΚΛΙΜΑΚΑΣ (ΕΕΔΜΚ) ΓΙΑ ΔΟΚΙΜΑΣΤΙΚΕΣ ΤΟΜΕΣ ΤΟΥ ΕΔΑΦΟΥΣ ΚΑΙ ΚΟΠΗ 2 ΔΕΝΔΡΩΝ, ΣΤΟ Ο.T. Α–Π4.16 ΣΤΗΝ ΠΕΡΙΟΧΗ ΠΟΛΕΟΔΟΜΗΣΗΣ Α-Π4 «ΓΕΙΤΟΝΙΑ ΕΠΙΧΕΙΡΗΜΑΤΙΚΟΥ ΚΕΝΤΡΟΥ ΛΕΩΦΟΡΟΥ ΒΟΥΛΙΑΓΜΕΝΗΣ» ΤΟΥ ΜΗΤΡΟΠΟΛΙΤΙΚΟΥ ΠΟΛΟΥ ΕΛΛΗΝΙΚΟΥ-ΑΓΙΟΥ ΚΟΣΜΑ»
",2.4.6.1,ΠΡΑΞΕΙΣ ΧΩΡΟΤΑΞΙΚΟΥ - ΠΟΛΕΟΔΟΜΙΚΟΥ ΠΕΡΙΕΧΟΜΕΝΟΥ,99201077,ΤΕΧΝΙΚΟ ΕΠΙΜΕΛΗΤΗΡΙΟ ΕΛΛΑΔΑΣ
ΨΡ0346Ψ842-Κ2Δ,1421009,30/04/2025 14:36:11,30/04/2025 15:30:23,https://diavgeia.gov.gr/doc/ΨΡ0346Ψ842-Κ2Δ,Ενημέρωση έντυπης Αδείας (ν.4759/2020): ΕΚΠΟΝΗΣΗ ΜΕΛΕΤΩΝ ΕΝΕΡΓΗΤΙΚΗΣ ΚΑΙ ΠΑΘΗΤΙΚΗΣ ΠΥΡΟΠΡΟΣΤΑΣΙΑΣ  ΠΡΟΣΩΡΙΝΩΝ ΚΑΤΑΣΚΕΥΩΝ ΧΡΗΣΗΣ ΠΑΙΔΙΚΗΣ ΑΝΑΨΥΧΗΣ (ΧΣΠ) ΓΙΑ ΤΟ ΕΡΓΟ ¨Chocolate Experience¨  εντός του Μητροπολιτικού Πάρκου Πρασίνου και Αναψυχής Ελληνικού,2.4.6.1,ΠΡΑΞΕΙΣ ΧΩΡΟΤΑΞΙΚΟΥ - ΠΟΛΕΟΔΟΜΙΚΟΥ ΠΕΡΙΕΧΟΜΕΝΟΥ,99201077,ΤΕΧΝΙΚΟ ΕΠΙΜΕΛΗΤΗΡΙΟ ΕΛΛΑΔΑΣ
9ΝΖΛ46Ψ842-ΦΥΞ,1409374,16/04/2025 11:26:50,16/04/2025 15:26:03,https://diavgeia.gov.gr/doc/9ΝΖΛ46Ψ842-ΦΥΞ,Προέγκριση για Αναθεώρηση Οικ. Αδείας (ν.4759/2020): ΝΕΕΣ ΑΘΛΗΤΙΚΕΣ ΕΓΚΑΤΑΣΤΑΣΕΙΣ ΤΟΥ ΜΗΤΡΟΠΟΛΙΤΙΚΟΥ ΠΑΡΚΟΥ ΠΡΑΣΙΝΟΥ ΚΑΙ ΑΝΑΨΥΧΗΣ ΤΟΥ ΜΗΤΡΟΠΟΛΙΤΙΚΟΥ ΠΟΛΟΥ ΕΛΛΗΝΙΚΟΥ – ΑΓΙΟΥ ΚΟΣΜΑ. Γ’ ΑΝΑΘΕΩΡΗΣΗ ΤΗΣ ΟΙΚΟΔΟΜΙΚΗΣ ΑΔΕΙΑΣ ΜΕ Α/Α ΠΡΑΞΗΣ 566321/23-12-2022 ΛΟΓΩ ΤΡΟΠΟΠΟΙΗΣΗΣ ΟΛΩΝ ΤΩΝ ΜΕΛΕΤΩΝ,2.4.6.1,ΠΡΑΞΕΙΣ ΧΩΡΟΤΑΞΙΚΟΥ - ΠΟΛΕΟΔΟΜΙΚΟΥ ΠΕΡΙΕΧΟΜΕΝΟΥ,99201077,ΤΕΧΝΙΚΟ ΕΠΙΜΕΛΗΤΗΡΙΟ ΕΛΛΑΔΑΣ
Ψ74Β46Ψ842-4Ε7,1486674,20/06/2025 12:02:52,20/06/2025 13:34:45,https://diavgeia.gov.gr/doc/Ψ74Β46Ψ842-4Ε7,Αναθεώρηση Οικ. Αδείας ME προέγκριση ή βεβαίωση (ν.4759/2020): ΝΕΕΣ ΑΘΛΗΤΙΚΕΣ ΕΓΚΑΤΑΣΤΑΣΕΙΣ ΤΟΥ ΜΗΤΡΟΠΟΛΙΤΙΚΟΥ ΠΑΡΚΟΥ ΠΡΑΣΙΝΟΥ ΚΑΙ ΑΝΑΨΥΧΗΣ ΤΟΥ ΜΗΤΡΟΠΟΛΙΤΙΚΟΥ ΠΟΛΟΥ ΕΛΛΗΝΙΚΟΥ – ΑΓΙΟΥ ΚΟΣΜΑ. Γ’ ΑΝΑΘΕΩΡΗΣΗ ΤΗΣ ΟΙΚΟΔΟΜΙΚΗΣ ΑΔΕΙΑΣ ΜΕ Α/Α ΠΡΑΞΗΣ 566321/23-12-2022 ΛΟΓΩ ΤΡΟΠΟΠΟΙΗΣΗΣ ΟΛΩΝ ΤΩΝ ΜΕΛΕΤΩΝ,2.4.6.1,ΠΡΑΞΕΙΣ ΧΩΡΟΤΑΞΙΚΟΥ - ΠΟΛΕΟΔΟΜΙΚΟΥ ΠΕΡΙΕΧΟΜΕΝΟΥ,99201077,ΤΕΧΝΙΚΟ ΕΠΙΜΕΛΗΤΗΡΙΟ ΕΛΛΑΔΑΣ
ΨΖ6346Ψ842-ΡΘΦ,1333086,05/02/2025 16:44:22,06/02/2025 09:37:51,https://diavgeia.gov.gr/doc/ΨΖ6346Ψ842-ΡΘΦ,"Οικοδομική Άδεια (ν.4759/2020): ΑΝΕΓΕΡΣΗ ΥΠΟΓΕΙΟΥ ΥΠΟΣΤΑΘΜΟΥ ΔΙΑΝΟΜΗΣ ΗΛΕΚΤΡΙΚΗΣ ΕΝΕΡΓΕΙΑΣ TΗΣ ΔΕΔΔΗΕ ΕΝΤOΣ ΤΗΣ ΚΤΙΡΙΑΚHΣ ΕΝOΤΗΤΑΣ Β14 ΤΟΥ ΜΗΤΡΟΠΟΛΙΤΙΚΟY ΠAΡΚΟΥ ΠΡΑΣIΝΟΥ ΚΑΙ ΑΝΑΨΥΧHΣ ΤΟΥ ΜΗΤΡΟΠΟΛΙΤΙΚΟY ΠOΛΟΥ ΕΛΛΗΝΙΚΟY - ΑΓIΟΥ ΚΟΣΜA
",2.4.6.1,ΠΡΑΞΕΙΣ ΧΩΡΟΤΑΞΙΚΟΥ - ΠΟΛΕΟΔΟΜΙΚΟΥ ΠΕΡΙΕΧΟΜΕΝΟΥ,99201077,ΤΕΧΝΙΚΟ ΕΠΙΜΕΛΗΤΗΡΙΟ ΕΛΛΑΔΑΣ
Ρ7ΩΦ46Ψ842-4ΝΑ,1335113,07/02/2025 10:45:08,07/02/2025 14:03:23,https://diavgeia.gov.gr/doc/Ρ7ΩΦ46Ψ842-4ΝΑ,"Προέγκριση για Αναθεώρηση Οικ. Αδείας (ν.4759/2020): ΑΝΑΘΕΩΡΗΣΗ ΤΗΣ ΑΔΕΙΑΣ 762179/2023 ΓΙΑ ΤΟ ΕΡΓΟ «ΚΑΤΑΣΚΕΥΗ ΚΤΙΡΙΑΚΟΥ ΣΥΓΚΡΟΤΗΜΑΤΟΣ ΤΟΥΡΙΣΜΟΥ - ΑΝΑΨΥΧΗΣ ""INTEGRATED RESORT COMPLEX ELLINIKOU"" ΣΤΗ ΖΩΝΗ ΕΚΜΕΤΑΛΛΕΥΣΗΣ Α-Α1.2 (ΠΛΗΝ ΤΗΣ ΚΤΙΡΙΑΚΗΣ ΕΝΟΤΗΤΑΣ Α-Α1.2/IV) ΤΟΥ ΜΗΤΡΟΠΟΛΙΤΙΚΟΥ ΠΟΛΟΥ ΕΛΛΗΝΙΚΟΥ - ΑΓΙΟΥ ΚΟΣΜΑ, ΓΙΑ ΤΗΝ ΑΝΕΓΕΡΣΗ: ΞΕΝΟΔΟΧΕΙΟΥ 5*, ΧΩΡΟΥ ΚΑΖΙΝΟ, ΕΚΘΕΣΙΑΚΟΥ/ΣΥΝΕΔΡΙΑΚΟΥ ΚΕΝΤΡΟΥ, ΧΩΡΟΥ ΨΥΧΑΓΩΓΙΑΣ/ΑΘΛΗΣΗΣ/ΣΥΝΑΘΡΟΙΣΗΣ ΚΟΙΝΟΥ, ΧΩΡΩΝ ΕΣΤΙΑΣΗΣ, ΚΑΤΑΣΤΗΜΑΤΩΝ ΚΑΙ ΧΩΡΩΝ ΣΤΑΘΜΕΥΣΗΣ (ΑΝΟΙΧΤΩΝ & ΚΛΕΙΣΤΩΝ)»",2.4.6.1,ΠΡΑΞΕΙΣ ΧΩΡΟΤΑΞΙΚΟΥ - ΠΟΛΕΟΔΟΜΙΚΟΥ ΠΕΡΙΕΧΟΜΕΝΟΥ,99201077,ΤΕΧΝΙΚΟ ΕΠΙΜΕΛΗΤΗΡΙΟ ΕΛΛΑΔΑΣ
6ΣΝΣ46Ψ842-Φ12,1343909,14/02/2025 17:47:21,15/02/2025 07:31:26,https://diavgeia.gov.gr/doc/6ΣΝΣ46Ψ842-Φ12,"Αναθεώρηση Οικ. Αδείας ME προέγκριση ή βεβαίωση (ν.4759/2020): ΑΝΑΘΕΩΡΗΣΗ ΤΗΣ ΑΔΕΙΑΣ 762179/2023 ΓΙΑ ΤΟ ΕΡΓΟ «ΚΑΤΑΣΚΕΥΗ ΚΤΙΡΙΑΚΟΥ ΣΥΓΚΡΟΤΗΜΑΤΟΣ ΤΟΥΡΙΣΜΟΥ - ΑΝΑΨΥΧΗΣ ""INTEGRATED RESORT COMPLEX ELLINIKOU"" ΣΤΗ ΖΩΝΗ ΕΚΜΕΤΑΛΛΕΥΣΗΣ Α-Α1.2 (ΠΛΗΝ ΤΗΣ ΚΤΙΡΙΑΚΗΣ ΕΝΟΤΗΤΑΣ Α-Α1.2/IV) ΤΟΥ ΜΗΤΡΟΠΟΛΙΤΙΚΟΥ ΠΟΛΟΥ ΕΛΛΗΝΙΚΟΥ - ΑΓΙΟΥ ΚΟΣΜΑ, ΓΙΑ ΤΗΝ ΑΝΕΓΕΡΣΗ: ΞΕΝΟΔΟΧΕΙΟΥ 5*, ΧΩΡΟΥ ΚΑΖΙΝΟ, ΕΚΘΕΣΙΑΚΟΥ/ΣΥΝΕΔΡΙΑΚΟΥ ΚΕΝΤΡΟΥ, ΧΩΡΟΥ ΨΥΧΑΓΩΓΙΑΣ/ΑΘΛΗΣΗΣ/ΣΥΝΑΘΡΟΙΣΗΣ ΚΟΙΝΟΥ, ΧΩΡΩΝ ΕΣΤΙΑΣΗΣ, ΚΑΤΑΣΤΗΜΑΤΩΝ ΚΑΙ ΧΩΡΩΝ ΣΤΑΘΜΕΥΣΗΣ (ΑΝΟΙΧΤΩΝ & ΚΛΕΙΣΤΩΝ)»",2.4.6.1,ΠΡΑΞΕΙΣ ΧΩΡΟΤΑΞΙΚΟΥ - ΠΟΛΕΟΔΟΜΙΚΟΥ ΠΕΡΙΕΧΟΜΕΝΟΥ,99201077,ΤΕΧΝΙΚΟ ΕΠΙΜΕΛΗΤΗΡΙΟ ΕΛΛΑΔΑΣ
ΡΗΝΤ46Ψ842-ΞΓΓ,1658502,06/11/2025 10:42:22,12/11/2025 15:59:05,https://diavgeia.gov.gr/doc/ΡΗΝΤ46Ψ842-ΞΓΓ,"Έγκριση Εργασιών Δόμησης Μικρής Κλίμακας: Γεωτεχνική έρευνα με την εκτέλεση έξι (6) δειγματοληπτικών περιστροφικών γεωτρήσεων βάθους 20.0m έκαστη, στο χώρο του Μητροπολιτικού Πόλου Ελληνικού-Αγίου Κοσμά και συγκεκριμένα στο οικοδομικό τετράγωνο ΑΠ3.2 (SUNRISE).",2.4.6.1,ΠΡΑΞΕΙΣ ΧΩΡΟΤΑΞΙΚΟΥ - ΠΟΛΕΟΔΟΜΙΚΟΥ ΠΕΡΙΕΧΟΜΕΝΟΥ,99201077,ΤΕΧΝΙΚΟ ΕΠΙΜΕΛΗΤΗΡΙΟ ΕΛΛΑΔΑΣ
ΨΕ2946Ψ842-5ΦΕ,1594653,19/09/2025 16:03:10,19/09/2025 17:02:46,https://diavgeia.gov.gr/doc/ΨΕ2946Ψ842-5ΦΕ,"Προέγκριση Οικοδομικής Αδείας (ν.4759/2020): ΑΝΕΓΕΡΣΗ ΥΠΟΓΕΙΑΣ ΔΕΞΑΜΕΝΗΣ ΥΔΡΕΥΣΗΣ, ΥΠΕΡΓΕΙΟΥ ΑΝΤΛΙΟΣΤΑΣΙΟΥ ΜΕ ΥΠΟΓΕΙΟ ΤΜΗΜΑ & ΚΟΠΗ ΔΕΝΤΡΩΝ ΣΤΟ Ο.Τ. Α-Π4_ΚΦ.1.3 ΣΤΟΝ ΜΗΤΡΟΠΟΛΙΤΙΚΟ ΠΟΛΟ ΕΛΛΗΝΙΚΟΥ - ΑΓ ΚΟΣΜΑ ",2.4.6.1,ΠΡΑΞΕΙΣ ΧΩΡΟΤΑΞΙΚΟΥ - ΠΟΛΕΟΔΟΜΙΚΟΥ ΠΕΡΙΕΧΟΜΕΝΟΥ,99201077,ΤΕΧΝΙΚΟ ΕΠΙΜΕΛΗΤΗΡΙΟ ΕΛΛΑΔΑΣ
Ψ63646Ψ842-ΘΙΝ,1684007,24/11/2025 17:51:24,25/11/2025 12:50:28,https://diavgeia.gov.gr/doc/Ψ63646Ψ842-ΘΙΝ,Έγκριση Εργασιών Δόμησης Μικρής Κλίμακας: ΠΡΟΔΡΟΜΕΣ ΕΡΓΑΣΙΕΣ ΔΙΑΜΟΡΦΩΣΕΩΝ ΠΟΥ ΑΦΟΡΟΥΝ ΤΟ ΕΡΓΟ ΚΑΤΑΣΚΕΥΗΣ : ΔΥΟ ΝΕΑ ΞΕΝΟΔΟΧΕΙΑ ΣΥΝΙΔΙΟΚΤΗΣΙΑΣ (CONDO HOTELS) 5 ΑΣΤΕΡΩΝ ΣΤHΝ ΖΩΝΗ ΕΚΜΕΤΑΛΛΕΥΣΗΣ ΠΜ-Α1.4 ΕΝΤΟΣ ΤΗΣ ΖΩΝΗΣ ΑΝΑΠΤΥΞΗΣ ΠΜ-Α1 ΤΟΥ ΜΗΤΡΟΠΟΛΙΤΙΚΟΥ ΠΟΛΟΥ ΕΛΛΗΝΙΚΟΥ – ΑΓΙΟΥ ΚΟΣΜΑ ΙΔΙΟΚΤΗΤΗΣ: MALT RIVIERA S.A.,2.4.6.1,ΠΡΑΞΕΙΣ ΧΩΡΟΤΑΞΙΚΟΥ - ΠΟΛΕΟΔΟΜΙΚΟΥ ΠΕΡΙΕΧΟΜΕΝΟΥ,99201077,ΤΕΧΝΙΚΟ ΕΠΙΜΕΛΗΤΗΡΙΟ ΕΛΛΑΔΑΣ
6ΣΤΣ46Ψ842-77Φ,1680589,21/11/2025 11:11:13,21/11/2025 15:15:51,https://diavgeia.gov.gr/doc/6ΣΤΣ46Ψ842-77Φ,Ενημέρωση Οικοδομικής Αδείας (ν.4759/2020): ΕΝΗΜΕΡΩΣΗ ΤΗΣ ΟΙΚΟΔΟΜΙΚΗΣ ΑΔΕΙΑΣ ΜΕ Α/Α ΠΡΑΞΗΣ 1659553 ΓΙΑ ΤΗΝ ΥΠΟΒΟΛΗ ΤΟΥ ΠΙΣΤΟΠΟΙΗΤΙΚΟΥ ΚΑΤΑΧΩΡΙΣΗΣ (ΜΕΤΑΓΡΑΦΗ) ΒΑΣΕΙ ΤΟΥ αρ.5 παρ.9 Ν 4062/12 ΓΙΑ ΤΟ ΟΤ Α-Π 2.8 ΤΟΥ ΜΗΤΡΟΠΟΛΙΤΙΚΟΥ ΠΟΛΟΥ ΕΛΛΗΝΙΚΟΥ- ΑΓ ΚΟΣΜΑ,2.4.6.1,ΠΡΑΞΕΙΣ ΧΩΡΟΤΑΞΙΚΟΥ - ΠΟΛΕΟΔΟΜΙΚΟΥ ΠΕΡΙΕΧΟΜΕΝΟΥ,99201077,ΤΕΧΝΙΚΟ ΕΠΙΜΕΛΗΤΗΡΙΟ ΕΛΛΑΔΑΣ
98ΡΖ46Ψ842-ΦΣΠ,1680589,21/11/2025 11:11:13,21/11/2025 15:15:52,https://diavgeia.gov.gr/doc/98ΡΖ46Ψ842-ΦΣΠ,Ενημέρωση Οικοδομικής Αδείας (ν.4759/2020): ΕΝΗΜΕΡΩΣΗ ΤΗΣ ΟΙΚΟΔΟΜΙΚΗΣ ΑΔΕΙΑΣ ΜΕ Α/Α ΠΡΑΞΗΣ 1659553 ΓΙΑ ΤΗΝ ΥΠΟΒΟΛΗ ΤΟΥ ΠΙΣΤΟΠΟΙΗΤΙΚΟΥ ΚΑΤΑΧΩΡΙΣΗΣ (ΜΕΤΑΓΡΑΦΗ) ΒΑΣΕΙ ΤΟΥ αρ.5 παρ.9 Ν 4062/12 ΓΙΑ ΤΟ ΟΤ Α-Π 2.8 ΤΟΥ ΜΗΤΡΟΠΟΛΙΤΙΚΟΥ ΠΟΛΟΥ ΕΛΛΗΝΙΚΟΥ- ΑΓ ΚΟΣΜΑ,2.4.6.1,ΠΡΑΞΕΙΣ ΧΩΡΟΤΑΞΙΚΟΥ - ΠΟΛΕΟΔΟΜΙΚΟΥ ΠΕΡΙΕΧΟΜΕΝΟΥ,99201077,ΤΕΧΝΙΚΟ ΕΠΙΜΕΛΗΤΗΡΙΟ ΕΛΛΑΔΑΣ
ΨΘΥΦ46Ψ842-Ο3Φ,1510839,08/07/2025 16:12:44,09/07/2025 21:53:54,https://diavgeia.gov.gr/doc/ΨΘΥΦ46Ψ842-Ο3Φ,"Έγκριση Εργασιών Δόμησης Μικρής Κλίμακας: Έγκριση Εργασιών Δόμησης Μικρής Κλίμακας για την εκτέλεση εργασιών για την Κοπή Δένδρων (παρ.2.ζ, άρθρο 29 του Ν.4495/2017 όπως τροποποιήθηκε και ισχύει) στο οικοδομικό τετράγωνο Α-Π6.8 του Μητροπολιτικού Πόλου Ελληνικού – Αγ. Κοσμά
 ",2.4.6.1,ΠΡΑΞΕΙΣ ΧΩΡΟΤΑΞΙΚΟΥ - ΠΟΛΕΟΔΟΜΙΚΟΥ ΠΕΡΙΕΧΟΜΕΝΟΥ,99201077,ΤΕΧΝΙΚΟ ΕΠΙΜΕΛΗΤΗΡΙΟ ΕΛΛΑΔΑΣ
9ΛΡΗ46Ψ842-ΔΝΘ,1659553,06/11/2025 15:47:53,06/11/2025 16:07:50,https://diavgeia.gov.gr/doc/9ΛΡΗ46Ψ842-ΔΝΘ,Οικοδομική Άδεια (ν.4759/2020): ΑΝΕΓΕΡΣΗ ΝΕΟΥ ΙΣΟΓΕΙΟΥ ΚΤΙΡΙΟΥ ΓΡΑΦΕΙΩΝ ΣΤΟ Ο.Τ. Α-Π2.8 ΣΤΗΝ ΠΕΡΙΟΧΗ ΠΟΛΕΟΔΟΜΗΣΗΣ Α-Π2 ΤΟΥ ΜΗΤΡΟΠΟΛΙΤΙΚΟΥ ΠΟΛΟΥ ΕΛΛΗΝΙΚΟΥ - ΑΓ. ΚΟΣΜΑ,2.4.6.1,ΠΡΑΞΕΙΣ ΧΩΡΟΤΑΞΙΚΟΥ - ΠΟΛΕΟΔΟΜΙΚΟΥ ΠΕΡΙΕΧΟΜΕΝΟΥ,99201077,ΤΕΧΝΙΚΟ ΕΠΙΜΕΛΗΤΗΡΙΟ ΕΛΛΑΔΑΣ
Ψ7ΓΘ46Ψ842-3ΥΠ,1677704,19/11/2025 17:04:25,20/11/2025 12:10:21,https://diavgeia.gov.gr/doc/Ψ7ΓΘ46Ψ842-3ΥΠ,"Οικοδομική Άδεια (ν.4759/2020): ΑΝΕΓΕΡΣΗ ΥΠΟΓΕΙΑΣ ΔΕΞΑΜΕΝΗΣ ΥΔΡΕΥΣΗΣ, ΥΠΕΡΓΕΙΟΥ ΑΝΤΛΙΟΣΤΑΣΙΟΥ ΜΕ ΥΠΟΓΕΙΟ ΤΜΗΜΑ & ΚΟΠΗ ΔΕΝΤΡΩΝ ΣΤΟ Ο.Τ. Α-Π4_ΚΦ.1.3 ΣΤΟΝ ΜΗΤΡΟΠΟΛΙΤΙΚΟ ΠΟΛΟ ΕΛΛΗΝΙΚΟΥ - ΑΓ ΚΟΣΜΑ ",2.4.6.1,ΠΡΑΞΕΙΣ ΧΩΡΟΤΑΞΙΚΟΥ - ΠΟΛΕΟΔΟΜΙΚΟΥ ΠΕΡΙΕΧΟΜΕΝΟΥ,99201077,ΤΕΧΝΙΚΟ ΕΠΙΜΕΛΗΤΗΡΙΟ ΕΛΛΑΔΑΣ
Ρ0ΓΘ46Ψ842-ΕΣΩ,1731100,24/12/2025 11:10:33,24/12/2025 13:27:51,https://diavgeia.gov.gr/doc/Ρ0ΓΘ46Ψ842-ΕΣΩ,"Προέγκριση Οικοδομικής Αδείας (ν.4759/2020): ΑΔΕΙΑ ΕΚΣΚΑΦΩΝ, ΚΑΤΑΣΚΕΥΗΣ ΤΟΙΧΩΝ ΑΝΤΙΣΤΗΡΙΞΗΣ ΚΑΙ ΚΟΠΗΣ ΕΞΙ ΔΕΝΤΡΩΝ ΜΕ ΣΚΟΠΟ ΤΗΝ ΑΝΕΓΕΡΣΗ ΝΕΟΥ ΣΥΓΚΡΟΤΗΜΑΤΟΣ ΠΕΝΤΕ ΚΤΗΡΙΩΝ ΑΠΟΤΕΛΟΥΜΕΝΟ ΑΠΟ ΤΕΣΣΕΡΑ ΠΕΝΤΑΟΡΟΦΑ ΚΤΗΡΙΑ ΚΑΤΟΙΚΙΩΝ ΚΑΙ ΕΝΑΝ ΠΕΝΤΑΟΡΟΦΟ ΚΤΗΡΙΟ ΚΑΤΟΙΚΙΩΝ ΜΕ ΕΜΠΟΡΙΚΑ ΚΑΤΑΣΤΗΜΑΤΑΚΑΙ ΚΑΤΑΣΤΗΜΑΤΑ ΕΣΤΙΑΣΗΣ ΣΤΟ ΙΣΟΓΕΙΟ, ΜΕ ΕΝΑΝ ΥΠΟΓΕΙΟ ΟΡΟΦΟ ΚΥΡΙΩΝ ΚΑΙ ΒΟΗΘΗΤΙΚΩΝ ΧΩΡΩΝ ΚΑΙ ΧΩΡΩΝ ΣΤΑΘΜΕΥΣΗΣ, ΔΕΚΑΕΞΙ ΚΟΛΥΜΒΗΤΙΚΕΣ ΔΕΞΑΜΕΝΕΣ ΣΤΟΝ ΑΚΑΛΥΠΤΟ ΧΩΡΟ ΚΑΙ ΔΙΑΜΟΡΦΩΣΗ ΠΕΡΙΒΑΛΛΟΝΤΟΣ ΧΩΡΟΥ ΣΤΟ ΟΙΚΟΔΟΜΙΚΟ ΤΕΤΡΑΓΩΝΟ Α-Π1.9 ΤΟΥ ΜΗΤΡΟΠΟΛΙΤΙΚΟΥ ΠΟΛΟΥ ΕΛΛΗΝΙΚΟΥ-ΑΓΙΟΥ ΚΟΣΜΑ",2.4.6.1,ΠΡΑΞΕΙΣ ΧΩΡΟΤΑΞΙΚΟΥ - ΠΟΛΕΟΔΟΜΙΚΟΥ ΠΕΡΙΕΧΟΜΕΝΟΥ,99201077,ΤΕΧΝΙΚΟ ΕΠΙΜΕΛΗΤΗΡΙΟ ΕΛΛΑΔΑΣ
6ΖΝΞ46Ψ842-4ΨΙ,1626475,13/10/2025 15:58:42,13/10/2025 16:11:15,https://diavgeia.gov.gr/doc/6ΖΝΞ46Ψ842-4ΨΙ,"Οικοδομική Άδεια (ν.4759/2020): ΑΔΕΙΑ ΕΚΣΚΑΦΩΝ, ΕΞΥΓΙΑΝΣΗΣ ΕΔΑΦΟΥΣ ΚΑΙ ΚΑΤΑΣΚΕΥΗΣ ΤΟΙΧΕΙΩΝ ΑΝΤΙΣΤΗΡΙΞΗΣ, ΜΕ ΣΚΟΠΟ ΤΗΝ ΑΝΕΓΕΡΣΗ ΝΕΟΥ ΣΥΓΚΡΟΤΗΜΑΤΟΣ ΕΠΤΑ ΚΤΙΡΙΩΝ ΑΠΟΤΕΛΟΥΜΕΝΟ ΑΠΟ ΕΝΑ ΙΣΟΓΕΙΟ ΚΤΙΡΙΟ ΜΕ ΧΡΗΣΗ ΕΜΠΟΡΙΚΟ ΚΑΤΑΣΤΗΜΑ ΚΑΙ ΕΞΙ ΠΕΝΤΑΟΡΟΦΑ ΚΤΙΡΙΑ ΚΑΤΟΙΚΙΩΝ, ΔΥΟ ΕΚ ΤΩΝ ΟΠΟΙΩΝ ΜΕ ΕΜΠΟΡΙΚΑ ΚΑΤΑΣΤΗΜΑΤΑ ΚΑΙ ΚΑΤΑΣΤΗΜΑΤΑ ΕΣΤΙΑΣΗΣ ΣΤΟ ΙΣΟΓΕΙΟ ΚΑΙ Α' ΟΡΟΦΟ, ΜΕ ΕΝΑΝ ΥΠΟΓΕΙΟ ΟΡΟΦΟ ΣΤΑΘΜΕΥΣΗΣ ΚΑΙ ΒΟΗΘΗΤΙΚΩΝ ΧΩΡΩΝ, ΕΝΑ ΥΔΑΤΙΝΟ ΣΤΟΙΧΕΙΟ, ΟΚΤΩ ΚΟΛΥΜΒΗΤΙΚΕΣ ΔΕΞΑΜΕΝΕΣ ΚΑΙ ΔΕΚΑΤΕΣΣΕΡΙΣ ΚΑΤΑΣΚΕΥΕΣ ΥΔΡΟΜΑΣΑΖ ΣΤΟΝ ΑΚΑΛΥΠΤΟ ΧΩΡΟ ΚΑΙ ΔΙΑΜΟΡΦΩΣΗ ΠΕΡΙΒΑΛΛΟΝΤΟΣ ΧΩΡΟΥ ΣΤΟ ΟΙΚΟΔΟΜΙΚΟ ΤΕΤΡΑΓΩΝΟ Α-Π6.8 ΤΟΥ ΜΗΤΡΟΠΟΛΙΤΙΚΟΥ ΠΟΛΟΥ ΕΛΛΗΝΙΚΟΥ-ΑΓΙΟΥ ΚΟΣΜΑ",2.4.6.1,ΠΡΑΞΕΙΣ ΧΩΡΟΤΑΞΙΚΟΥ - ΠΟΛΕΟΔΟΜΙΚΟΥ ΠΕΡΙΕΧΟΜΕΝΟΥ,99201077,ΤΕΧΝΙΚΟ ΕΠΙΜΕΛΗΤΗΡΙΟ ΕΛΛΑΔΑΣ
9Φ6Κ46Ψ842-ΤΟΖ,1577389,08/09/2025 11:04:55,08/09/2025 14:20:19,https://diavgeia.gov.gr/doc/9Φ6Κ46Ψ842-ΤΟΖ,"Προέγκριση Οικοδομικής Αδείας (ν.4759/2020): ΑΔΕΙΑ ΕΚΣΚΑΦΩΝ, ΕΞΥΓΙΑΝΣΗΣ ΕΔΑΦΟΥΣ ΚΑΙ ΚΑΤΑΣΚΕΥΗΣ ΤΟΙΧΕΙΩΝ ΑΝΤΙΣΤΗΡΙΞΗΣ, ΜΕ ΣΚΟΠΟ ΤΗΝ ΑΝΕΓΕΡΣΗ ΝΕΟΥ ΣΥΓΚΡΟΤΗΜΑΤΟΣ ΕΠΤΑ ΚΤΙΡΙΩΝ ΑΠΟΤΕΛΟΥΜΕΝΟ ΑΠΟ ΕΝΑ ΙΣΟΓΕΙΟ ΚΤΙΡΙΟ ΜΕ ΧΡΗΣΗ ΕΜΠΟΡΙΚΟ ΚΑΤΑΣΤΗΜΑ ΚΑΙ ΕΞΙ ΠΕΝΤΑΟΡΟΦΑ ΚΤΙΡΙΑ ΚΑΤΟΙΚΙΩΝ, ΔΥΟ ΕΚ ΤΩΝ ΟΠΟΙΩΝ ΜΕ ΕΜΠΟΡΙΚΑ ΚΑΤΑΣΤΗΜΑΤΑ ΚΑΙ ΚΑΤΑΣΤΗΜΑΤΑ ΕΣΤΙΑΣΗΣ ΣΤΟ ΙΣΟΓΕΙΟ ΚΑΙ Α' ΟΡΟΦΟ, ΜΕ ΕΝΑΝ ΥΠΟΓΕΙΟ ΟΡΟΦΟ ΣΤΑΘΜΕΥΣΗΣ ΚΑΙ ΒΟΗΘΗΤΙΚΩΝ ΧΩΡΩΝ, ΕΝΑ ΥΔΑΤΙΝΟ ΣΤΟΙΧΕΙΟ, ΟΚΤΩ ΚΟΛΥΜΒΗΤΙΚΕΣ ΔΕΞΑΜΕΝΕΣ ΚΑΙ ΔΕΚΑΤΕΣΣΕΡΙΣ ΚΑΤΑΣΚΕΥΕΣ ΥΔΡΟΜΑΣΑΖ ΣΤΟΝ ΑΚΑΛΥΠΤΟ ΧΩΡΟ ΚΑΙ ΔΙΑΜΟΡΦΩΣΗ ΠΕΡΙΒΑΛΛΟΝΤΟΣ ΧΩΡΟΥ ΣΤΟ ΟΙΚΟΔΟΜΙΚΟ ΤΕΤΡΑΓΩΝΟ Α-Π6.8 ΤΟΥ ΜΗΤΡΟΠΟΛΙΤΙΚΟΥ ΠΟΛΟΥ ΕΛΛΗΝΙΚΟΥ-ΑΓΙΟΥ ΚΟΣΜΑ",2.4.6.1,ΠΡΑΞΕΙΣ ΧΩΡΟΤΑΞΙΚΟΥ - ΠΟΛΕΟΔΟΜΙΚΟΥ ΠΕΡΙΕΧΟΜΕΝΟΥ,99201077,ΤΕΧΝΙΚΟ ΕΠΙΜΕΛΗΤΗΡΙΟ ΕΛΛΑΔΑΣ
ΕΡΙΜ46Ψ842-Γ7Ω,1776335,03/02/2026 15:35:25,03/02/2026 16:01:18,https://diavgeia.gov.gr/doc/ΕΡΙΜ46Ψ842-Γ7Ω,Έγκριση Εργασιών Δόμησης Μικρής Κλίμακας: ΤΜΗΜΑΤΙΚΗ ΔΙΑΜΟΡΦΩΣΗ ΠΑΡΑΧΩΡΗΘΕΝΤΟΣ ΚΤΙΡΙΟΥ(ΠΡΩΗΝ) ΛΕΚ ΣΤΟ ΜΗΤΡΟΠΟΛΙΤΙΚΟ ΠΑΡΚΟ ΕΛΛΗΝΙΚΟΥ ΓΙΑ ΤΗ ΣΤΕΓΑΣΗ ΑΣΤΥΝΟΜΙΚΩΝ ΥΠΗΡΕΣΙΩΝ (ΤΜΗΜΑΤΙΚΕΣ ΕΣΩΤΕΡΙΚΕΣ ΔΙΑΡΡΥΘΜΙΣΕΙΣ ΣΕ ΙΣΟΓΕΙΟ ΚΑΙ ΟΡΟΦΟ & ΤΟΠΟΘΕΤΗΣΗ ΙΚΡΙΩΜΑΤΩΝ ΣΕ ΤΜΗΜΑ ΤΗΣ ΟΨΗΣ ΓΙΑ ΑΝΤΙΚΑΤΑΣΤΑΣΗ ΚΟΥΦΩΜΑΤΟΣ,2.4.6.1,ΠΡΑΞΕΙΣ ΧΩΡΟΤΑΞΙΚΟΥ - ΠΟΛΕΟΔΟΜΙΚΟΥ ΠΕΡΙΕΧΟΜΕΝΟΥ,99201077,ΤΕΧΝΙΚΟ ΕΠΙΜΕΛΗΤΗΡΙΟ ΕΛΛΑΔΑΣ
ΨΨΦ646Ψ842-ΛΚΑ,1764126,26/01/2026 14:02:54,26/01/2026 15:51:50,https://diavgeia.gov.gr/doc/ΨΨΦ646Ψ842-ΛΚΑ,"Προέγκριση Οικοδομικής Αδείας (ν.4759/2020): ΑΔΕΙΑ ΕΚΣΚΑΦΩΝ KAI ΚΑΤΑΣΚΕΥΗΣ ΤΟΙΧΩΝ ΑΝΤΙΣΤΗΡΙΞΗΣ ΜΕ ΣΚΟΠΟ ΤΗΝ ΑΝΕΓΕΡΣΗ ΝΕΟΥ ΣΥΓΚΡΟΤΗΜΑΤΟΣ ΤΡΙΩΝ ΚΤΗΡΙΩΝ ΑΠΟΤΕΛΟΥΜΕΝΟ ΑΠΟ ΔΥΟ 
ΠΕΝΤΑΟΡΟΦΑ ΚΤΗΡΙΑ ΚΑΤΟΙΚΙΩΝ ΚΑΙ ΕΝΑ ΠΕΝΤΑΟΡΟΦΟ ΚΤΗΡΙΟ ΚΑΤΟΙΚΙΩΝ ΜΕ ΕΜΠΟΡΙΚΑ ΚΑΤΑΣΤΗΜΑΤΑ, ΤΡΑΠΕΖΙΚΑ ΚΑΤΑΣΤΗΜΑΤΑ ΚΑΙ 
ΚΑΤΑΣΤΗΜΑΤΑ ΕΣΤΙΑΣΗΣ ΣΤΟ ΙΣΟΓΕΙΟ, ΜΕ ΕΝΑΝ ΥΠΟΓΕΙΟ ΟΡΟΦΟ ΚΥΡΙΩΝ ΚΑΙ ΒΟΗΘΗΤΙΚΩΝ ΧΩΡΩΝ ΚΑΙ ΧΩΡΩΝ ΣΤΑΘΜΕΥΣΗΣ, ΔΕΚΑΤΡΕΙΣ ΚΟΛΥΜΒΗΤΙΚΕΣ 
ΔΕΞΑΜΕΝΕΣ ΣΤΟΝ ΑΚΑΛΥΠΤΟ ΧΩΡΟ ΚΑΙ ΔΙΑΜΟΡΦΩΣΗ ΠΕΡΙΒΑΛΛΟΝΤΟΣ ΧΩΡΟΥ ΣΤΟ ΟΙΚΟΔΟΜΙΚΟ ΤΕΤΡΑΓΩΝΟ Α-Π1.10 ΤΟΥ ΜΗΤΡΟΠΟΛΙΤΙΚΟΥ ΠΟΛΟΥ 
ΕΛΛΗΝΙΚΟΥ-ΑΓΙΟΥ ΚΟΣΜΑ",2.4.6.1,ΠΡΑΞΕΙΣ ΧΩΡΟΤΑΞΙΚΟΥ - ΠΟΛΕΟΔΟΜΙΚΟΥ ΠΕΡΙΕΧΟΜΕΝΟΥ,99201077,ΤΕΧΝΙΚΟ ΕΠΙΜΕΛΗΤΗΡΙΟ ΕΛΛΑΔΑΣ
ΡΚΝ146Ψ842-Β0Ι,1748010,14/01/2026 13:45:02,14/01/2026 13:58:25,https://diavgeia.gov.gr/doc/ΡΚΝ146Ψ842-Β0Ι,"Προέγκριση για Αναθεώρηση Οικ. Αδείας (ν.4759/2020): ΑΝΑΘΕΩΡΗΣΗ ΤΗΣ Α/Α ΠΡΑΞΗΣ 1626475/2025 ΟΙΚΟΔΟΜΙΚΗΣ ΑΔΕΙΑΣ ΜΕ ΣΚΟΠΟ ΤΗΝ ΑΝΕΓΕΡΣΗ ΝΕΟΥ ΣΥΓΚΡΟΤΗΜΑΤΟΣ ΕΠΤΑ ΚΤΙΡΙΩΝ ΑΠΟΤΕΛΟΥΜΕΝΟ ΑΠΟ ΕΝΑ ΙΣΟΓΕΙΟ ΚΤΙΡΙΟ ΜΕ ΧΡΗΣΗ ΕΜΠΟΡΙΚΟ ΚΑΤΑΣΤΗΜΑ ΚΑΙ ΕΞΙ ΠΕΝΤΑΟΡΟΦΑ ΚΤΙΡΙΑ ΚΑΤΟΙΚΙΩΝ, ΔΥΟ ΕΚ ΤΩΝ ΟΠΟΙΩΝ ΜΕ ΕΜΠΟΡΙΚΑ ΚΑΤΑΣΤΗΜΑΤΑ, ΚΑΤΑΣΤΗΜΑΤΑ ΕΣΤΙΑΣΗΣ ΚΑΙ ΤΡΑΠΕΖΙΚΟ ΚΑΤΑΣΤΗΜΑ ΣΤΟ ΙΣΟΓΕΙΟ ΚΑΙ Α' ΟΡΟΦΟ, ΜΕ ΕΝΑΝ ΥΠΟΓΕΙΟ ΟΡΟΦΟ ΣΤΑΘΜΕΥΣΗΣ ΚΑΙ ΒΟΗΘΗΤΙΚΩΝ ΧΩΡΩΝ, ΕΝΑ ΥΔΑΤΙΝΟ ΣΤΟΙΧΕΙΟ, ΟΚΤΩ ΚΟΛΥΜΒΗΤΙΚΕΣ ΔΕΞΑΜΕΝΕΣ ΚΑΙ ΔΕΚΑΤΕΣΣΕΡΙΣ ΚΑΤΑΣΚΕΥΕΣ ΥΔΡΟΜΑΣΑΖ ΣΤΟΝ ΑΚΑΛΥΠΤΟ ΧΩΡΟ ΚΑΙ ΔΙΑΜΟΡΦΩΣΗ ΠΕΡΙΒΑΛΛΟΝΤΟΣ ΧΩΡΟΥ ΣΤΟ ΟΙΚΟΔΟΜΙΚΟ ΤΕΤΡΑΓΩΝΟ Α-Π6.8 ΤΟΥ ΜΗΤΡΟΠΟΛΙΤΙΚΟΥ ΠΟΛΟΥ ΕΛΛΗΝΙΚΟΥ-ΑΓΙΟΥ ΚΟΣΜΑ",2.4.6.1,ΠΡΑΞΕΙΣ ΧΩΡΟΤΑΞΙΚΟΥ - ΠΟΛΕΟΔΟΜΙΚΟΥ ΠΕΡΙΕΧΟΜΕΝΟΥ,99201077,ΤΕΧΝΙΚΟ ΕΠΙΜΕΛΗΤΗΡΙΟ ΕΛΛΑΔΑΣ
ΨΝΙΓ46Ψ842-35Β,1811303,27/02/2026 19:07:43,01/03/2026 08:37:16,https://diavgeia.gov.gr/doc/ΨΝΙΓ46Ψ842-35Β,"Αναθεώρηση Οικ. Αδείας ΧΩΡΙΣ μεταβολή κάλυψης/δόμησης/όγκου (ν.4759/2020): Β' ΑΝΑΘΕΩΡΗΣΗ ΤΗΣ ΥΠ’ ΑΡ. 913208/2024 ΠΡΑΞΗΣ ΟΙΚΟΔΟΜΙΚΗΣ ΑΔΕΙΑΣ ΓΙΑ ΜΙΚΡΗΣ ΕΚΤΑΣΗΣ ΤΡΟΠΟΠΟΙΗΣΕΙΣ ΣΤΗΝ ΑΡΧΙΤΕΚΤΟΝΙΚΗ ΜΕΛΕΤΗ ΧΩΡΙΣ ΜΕΤΑΒΟΛΗ ΚΑΛΥΨΗΣ/ΔΟΜΗΣΗΣ/ΟΓΚΟΥ, ΚΑΘΩΣ ΚΑΙ ΣΤΙΣ Η/Μ ΜΕΛΕΤΕΣ ΣΕ ΤΜΗΜΑ ΤΟΥ ΔΙΑΤΗΡΟΥΜΕΝΟΥ ΚΤΗΡΙΟΥ ΤΗΣ ΚΤΗΡΙΑΚΗΣ ΕΝΟΤΗΤΑΣ Β6 ΤΟΥ ΜΗΤΡΟΠΟΛΙΤΙΚΟΥ ΠΑΡΚΟΥ ΠΡΑΣΙΝΟΥ ΚΑΙ ΑΝΑΨΥΧΗΣ ΤΟΥ ΜΗΤΡΟΠΟΛΙΤΙΚΟΥ ΠΟΛΟΥ ΕΛΛΗΝΙΚΟΥ – ΑΓ. ΚΟΣΜΑ (ΠΡΩΗΝ ΚΤΗΡΙΟΥ ΚΑΝΟΕ-ΚΑΓΙΑΚ)",2.4.6.1,ΠΡΑΞΕΙΣ ΧΩΡΟΤΑΞΙΚΟΥ - ΠΟΛΕΟΔΟΜΙΚΟΥ ΠΕΡΙΕΧΟΜΕΝΟΥ,99201077,ΤΕΧΝΙΚΟ ΕΠΙΜΕΛΗΤΗΡΙΟ ΕΛΛΑΔΑΣ
9ΙΡΝ46Ψ842-ΔΞ3,1816051,03/03/2026 17:51:17,04/03/2026 16:52:21,https://diavgeia.gov.gr/doc/9ΙΡΝ46Ψ842-ΔΞ3,"Αναθεώρηση Οικ. Αδείας ME προέγκριση ή βεβαίωση (ν.4759/2020): ΑΝΑΘΕΩΡΗΣΗ ΤΗΣ Α/Α ΠΡΑΞΗΣ 1626475/2025 ΟΙΚΟΔΟΜΙΚΗΣ ΑΔΕΙΑΣ ΜΕ ΣΚΟΠΟ ΤΗΝ ΑΝΕΓΕΡΣΗ ΝΕΟΥ ΣΥΓΚΡΟΤΗΜΑΤΟΣ ΕΠΤΑ ΚΤΙΡΙΩΝ ΑΠΟΤΕΛΟΥΜΕΝΟ ΑΠΟ ΕΝΑ ΙΣΟΓΕΙΟ ΚΤΙΡΙΟ ΜΕ ΧΡΗΣΗ ΕΜΠΟΡΙΚΟ ΚΑΤΑΣΤΗΜΑ ΚΑΙ ΕΞΙ ΠΕΝΤΑΟΡΟΦΑ ΚΤΙΡΙΑ ΚΑΤΟΙΚΙΩΝ, ΔΥΟ ΕΚ ΤΩΝ ΟΠΟΙΩΝ ΜΕ ΕΜΠΟΡΙΚΑ ΚΑΤΑΣΤΗΜΑΤΑ, ΚΑΤΑΣΤΗΜΑΤΑ ΕΣΤΙΑΣΗΣ ΚΑΙ ΤΡΑΠΕΖΙΚΟ ΚΑΤΑΣΤΗΜΑ ΣΤΟ ΙΣΟΓΕΙΟ ΚΑΙ Α' ΟΡΟΦΟ, ΜΕ ΕΝΑΝ ΥΠΟΓΕΙΟ ΟΡΟΦΟ ΣΤΑΘΜΕΥΣΗΣ ΚΑΙ ΒΟΗΘΗΤΙΚΩΝ ΧΩΡΩΝ, ΕΝΑ ΥΔΑΤΙΝΟ ΣΤΟΙΧΕΙΟ, ΟΚΤΩ ΚΟΛΥΜΒΗΤΙΚΕΣ ΔΕΞΑΜΕΝΕΣ ΚΑΙ ΔΕΚΑΤΕΣΣΕΡΙΣ ΚΑΤΑΣΚΕΥΕΣ ΥΔΡΟΜΑΣΑΖ ΣΤΟΝ ΑΚΑΛΥΠΤΟ ΧΩΡΟ ΚΑΙ ΔΙΑΜΟΡΦΩΣΗ ΠΕΡΙΒΑΛΛΟΝΤΟΣ ΧΩΡΟΥ ΣΤΟ ΟΙΚΟΔΟΜΙΚΟ ΤΕΤΡΑΓΩΝΟ Α-Π6.8 ΤΟΥ ΜΗΤΡΟΠΟΛΙΤΙΚΟΥ ΠΟΛΟΥ ΕΛΛΗΝΙΚΟΥ-ΑΓΙΟΥ ΚΟΣΜΑ",2.4.6.1,ΠΡΑΞΕΙΣ ΧΩΡΟΤΑΞΙΚΟΥ - ΠΟΛΕΟΔΟΜΙΚΟΥ ΠΕΡΙΕΧΟΜΕΝΟΥ,99201077,ΤΕΧΝΙΚΟ ΕΠΙΜΕΛΗΤΗΡΙΟ ΕΛΛΑΔΑΣ
931246Ψ842-ΞΚΚ,1829941,11/03/2026 17:49:18,12/03/2026 10:19:25,https://diavgeia.gov.gr/doc/931246Ψ842-ΞΚΚ,"Οικοδομική Άδεια (ν.4759/2020): ΑΔΕΙΑ ΕΚΣΚΑΦΩΝ, ΚΑΤΑΣΚΕΥΗΣ ΤΟΙΧΩΝ ΑΝΤΙΣΤΗΡΙΞΗΣ ΚΑΙ ΚΟΠΗΣ ΕΞΙ ΔΕΝΤΡΩΝ ΜΕ ΣΚΟΠΟ ΤΗΝ ΑΝΕΓΕΡΣΗ ΝΕΟΥ ΣΥΓΚΡΟΤΗΜΑΤΟΣ ΠΕΝΤΕ ΚΤΗΡΙΩΝ ΑΠΟΤΕΛΟΥΜΕΝΟ ΑΠΟ ΤΕΣΣΕΡΑ ΠΕΝΤΑΟΡΟΦΑ ΚΤΗΡΙΑ ΚΑΤΟΙΚΙΩΝ ΚΑΙ ΕΝΑΝ ΠΕΝΤΑΟΡΟΦΟ ΚΤΗΡΙΟ ΚΑΤΟΙΚΙΩΝ ΜΕ ΕΜΠΟΡΙΚΑ ΚΑΤΑΣΤΗΜΑΤΑΚΑΙ ΚΑΤΑΣΤΗΜΑΤΑ ΕΣΤΙΑΣΗΣ ΣΤΟ ΙΣΟΓΕΙΟ, ΜΕ ΕΝΑΝ ΥΠΟΓΕΙΟ ΟΡΟΦΟ ΚΥΡΙΩΝ ΚΑΙ ΒΟΗΘΗΤΙΚΩΝ ΧΩΡΩΝ ΚΑΙ ΧΩΡΩΝ ΣΤΑΘΜΕΥΣΗΣ, ΔΕΚΑΕΞΙ ΚΟΛΥΜΒΗΤΙΚΕΣ ΔΕΞΑΜΕΝΕΣ ΣΤΟΝ ΑΚΑΛΥΠΤΟ ΧΩΡΟ ΚΑΙ ΔΙΑΜΟΡΦΩΣΗ ΠΕΡΙΒΑΛΛΟΝΤΟΣ ΧΩΡΟΥ ΣΤΟ ΟΙΚΟΔΟΜΙΚΟ ΤΕΤΡΑΓΩΝΟ Α-Π1.9 ΤΟΥ ΜΗΤΡΟΠΟΛΙΤΙΚΟΥ ΠΟΛΟΥ ΕΛΛΗΝΙΚΟΥ-ΑΓΙΟΥ ΚΟΣΜΑ",2.4.6.1,ΠΡΑΞΕΙΣ ΧΩΡΟΤΑΞΙΚΟΥ - ΠΟΛΕΟΔΟΜΙΚΟΥ ΠΕΡΙΕΧΟΜΕΝΟΥ,99201077,ΤΕΧΝΙΚΟ ΕΠΙΜΕΛΗΤΗΡΙΟ ΕΛΛΑΔΑΣ
ΕΟ4Χ46Ψ842-5ΗΟ,1831487,12/03/2026 13:29:08,12/03/2026 21:26:07,https://diavgeia.gov.gr/doc/ΕΟ4Χ46Ψ842-5ΗΟ,Οικοδομική Άδεια (ν.4759/2020): Επισκευή και αποκατάσταση  τμημάτων της Χερσαίας Ζώνης  της Μαρίνας Αγίου Κοσμά στον Μητροπολιτικό Πόλο Ελληνικού- Αγ. Κοσμά,2.4.6.1,ΠΡΑΞΕΙΣ ΧΩΡΟΤΑΞΙΚΟΥ - ΠΟΛΕΟΔΟΜΙΚΟΥ ΠΕΡΙΕΧΟΜΕΝΟΥ,99201077,ΤΕΧΝΙΚΟ ΕΠΙΜΕΛΗΤΗΡΙΟ ΕΛΛΑΔΑΣ
ΕΤΞΥ46Ψ842-49Γ,1839509,17/03/2026 17:12:26,17/03/2026 18:02:07,https://diavgeia.gov.gr/doc/ΕΤΞΥ46Ψ842-49Γ,"Προέγκριση για Αναθεώρηση Οικ. Αδείας (ν.4759/2020): COMMERCIAL HUB: Δ ΑΝΑΘΕΩΡΗΣΗ ΤΗΣ Α/Α ΠΡΑΞΗΣ 748232/2023 ΟΙΚΟΔΟΜΙΚΗΣ ΑΔΕΙΑΣ ΛΟΓΩ ΤΡΟΠΟΠΟΙΗΣΗΣ ΑΡΧΙΤΕΚΤΟΝΙΚΩΝ, ΣΤΑΤΙΚΩΝ ΚΑΙ Η/Μ ΜΕΛΕΤΩΝ ΚΑΙ ΑΛΛΑΓΗ ΧΡΗΣΗΣ ΕΜΠΟΡΙΚΩΝ ΚΑΤΑΣΤΗΜΑΤΩΝ ΣΕ ΥΠΕΡΑΓΟΡΑ ΜΕ ΣΚΟΠΟ ΤΗΝ ΑΝΕΓΕΡΣΗ ΚΤΗΡΙΟΥ ΕΙΔΙΚΗΣ ΑΡΧΙΤΕΚΤΟΝΙΚΗΣ ΣΧΕΔΙΑΣΗΣ ΕΜΠΟΡΙΚΟΥ ΚΕΝΤΡΟΥ, ΕΜΠΟΡΙΚΩΝ ΚΑΤΑΣΤΗΜΑΤΩΝ ΚΑΙ ΥΠΕΡΑΓΟΡΑΣ, ΜΕ ΔΥΟ ΟΡΟΦΟΥΣ, ΤΡΙΑ ΙΣΟΓΕΙΑ ΕΠΙΠΕΔΑ ΚΑΙ ΕΞΙ ΚΛΙΜΑΚΩΤΑ ΥΠΟΓΕΙΑ ΕΠΙΠΕΔΑ ΒΟΗΘΗΤΙΚΩΝ ΧΩΡΩΝ, ΘΕΣΕΩΝ ΣΤΑΘΜΕΥΣΗΣ ΚΑΙ ΗΛΕΚΤΡΟΜΗΧΑΝΟΛΟΓΙΚΩΝ ΕΓΚΑΤΑΣΤΑΣΕΩΝ, ΜΕ ΘΕΣΕΙΣ ΣΤΑΘΜΕΥΣΗΣ ΣΤΟΝ ΔΕΥΤΕΡΟ ΟΡΟΦΟ ΚΑΙ ΣΤΑ ΔΩΜΑΤΑ, ΔΙΑΜΟΡΦΩΣΗ ΠΕΡΙΒΑΛΛΟΝΤΟΣ ΧΩΡΟΥ ΚΑΙ ΚΑΤΑΣΚΕΥΗ ΥΔΑΤΙΝΩΝ ΣΤΟΙΧΕΙΩΝ, ΠΕΡΓΚΟΛΩΝ, ΣΤΕΓΑΣΤΡΩΝ, ΗΛΙΑΚΩΝ ΑΙΘΡΙΩΝ ΚΑΙ ΚΟΠΗ ΔΕΝΤΡΩΝ, ΣΤΟ OIKOΠEΔO A-Π4.17.1 TOY Ο.Τ. Α-Π4.17 ΤΟΥ ΜΗΤΡΟΠΟΛΙΤΙΚΟΥ ΠΟΛΟΥ ΕΛΛΗΝΙΚΟΥ- ΑΓΙΟΥ ΚΟΣΜΑ",2.4.6.1,ΠΡΑΞΕΙΣ ΧΩΡΟΤΑΞΙΚΟΥ - ΠΟΛΕΟΔΟΜΙΚΟΥ ΠΕΡΙΕΧΟΜΕΝΟΥ,99201077,ΤΕΧΝΙΚΟ ΕΠΙΜΕΛΗΤΗΡΙΟ ΕΛΛΑΔΑΣ
